U+00009	CHARACTER TABULATION	Cc	Tab
U+0000A	LINE FEED (LF)	Cc	NewLine
U+00021	EXCLAMATION MARK	Po	excl
U+00022	QUOTATION MARK	Po	quot
U+00023	NUMBER SIGN	Po	num
U+00024	DOLLAR SIGN	Sc	dollar
U+00025	PERCENT SIGN	Po	percnt
U+00026	AMPERSAND	Po	amp
U+00027	APOSTROPHE	Po	apos
U+00028	LEFT PARENTHESIS	Ps	lpar
U+00029	RIGHT PARENTHESIS	Pe	rpar
U+0002A	ASTERISK	Po	ast     midast
U+0002B	PLUS SIGN	Sm	plus
U+0002C	COMMA	Po	comma
U+0002E	FULL STOP	Po	period
U+0002F	SOLIDUS	Po	sol
U+0003A	COLON	Po	colon
U+0003B	SEMICOLON	Po	semi
U+0003C	LESS-THAN SIGN	Sm	lt      LT
U+0003D	EQUALS SIGN	Sm	equals
U+0003E	GREATER-THAN SIGN	gt      GT
U+0003F	QUESTION MARK	Po	quest
U+00040	COMMERCIAL AT	Po	commat
U+0005B	LEFT SQUARE BRACKET	Ps	lsqb	lbrack
U+0005C	REVERSE SOLIDUS	Po	bsol
U+0005D	RIGHT SQUARE BRACKET	Pe	rsqb	rbrack
U+0005E	CIRCUMFLEX ACCENT	Sk	Hat
U+0005F	LOW LINE	Pc	lowbar
U+00060	GRAVE ACCENT	Sk	grave	DiacriticalGrave
U+0007B	LEFT CURLY BRACKET	Ps	lcub	lbrace
U+0007C	VERTICAL LINE	Sm	verbar	vert	VerticalLine
U+0007D	RIGHT CURLY BRACKET	Pe	rcub	rbrace
U+000A0	NO-BREAK SPACE	Zs	nbsp	NonBreakingSpace
U+000A1	INVERTED EXCLAMATION MARK	Po	iexcl
U+000A2	CENT SIGN	Sc	cent
U+000A3	POUND SIGN	Sc	pound
U+000A4	CURRENCY SIGN	Sc	curren
U+000A5	YEN SIGN	Sc	yen
U+000A6	BROKEN BAR	So	brvbar
U+000A7	SECTION SIGN	So	sect
U+000A8	DIAERESIS	Sk	Dot	die	DoubleDot	uml
U+000A9	COPYRIGHT SIGN	So	copy	COPY
U+000AA	FEMININE ORDINAL INDICATOR	Ll	ordf
U+000AB	LEFT-POINTING DOUBLE ANGLE QUOTATION MARK	Pi	laquo
U+000AC	NOT SIGN	Sm	not
U+000AD	SOFT HYPHEN	Cf	shy
U+000AE	REGISTERED SIGN	So	reg	circledR	REG
U+000AF	MACRON	Sk	macr	OverBar	strns
U+000B0	DEGREE SIGN	So	deg
U+000B1	PLUS-MINUS SIGN	Sm	plusmn	pm	PlusMinus
U+000B2	SUPERSCRIPT TWO	No	sup2
U+000B3	SUPERSCRIPT THREE	No	sup3
U+000B4	ACUTE ACCENT	Sk	acute	DiacriticalAcute
U+000B5	MICRO SIGN	Ll	micro
U+000B6	PILCROW SIGN	So	para
U+000B7	MIDDLE DOT	Po	middot	centerdot	CenterDot
U+000B8	CEDILLA	Sk	cedil	Cedilla
U+000B9	SUPERSCRIPT ONE	No	sup1
U+000BA	MASCULINE ORDINAL INDICATOR	Ll	ordm
U+000BB	RIGHT-POINTING DOUBLE ANGLE QUOTATION MARK	Pf	raquo
U+000BC	VULGAR FRACTION ONE QUARTER	No	frac14
U+000BD	VULGAR FRACTION ONE HALF	No	frac12	half
U+000BE	VULGAR FRACTION THREE QUARTERS	No	frac34
U+000BF	INVERTED QUESTION MARK	Po	iquest
U+000C0	LATIN CAPITAL LETTER A WITH GRAVE	Lu	Agrave
U+000C1	LATIN CAPITAL LETTER A WITH ACUTE	Lu	Aacute
U+000C2	LATIN CAPITAL LETTER A WITH CIRCUMFLEX	Lu	Acirc
U+000C3	LATIN CAPITAL LETTER A WITH TILDE	Lu	Atilde
U+000C4	LATIN CAPITAL LETTER A WITH DIAERESIS	Lu	Auml
U+000C5	LATIN CAPITAL LETTER A WITH RING ABOVE	Lu	Aring
U+000C6	LATIN CAPITAL LETTER AE	Lu	AElig
U+000C7	LATIN CAPITAL LETTER C WITH CEDILLA	Lu	Ccedil
U+000C8	LATIN CAPITAL LETTER E WITH GRAVE	Lu	Egrave
U+000C9	LATIN CAPITAL LETTER E WITH ACUTE	Lu	Eacute
U+000CA	LATIN CAPITAL LETTER E WITH CIRCUMFLEX	Lu	Ecirc
U+000CB	LATIN CAPITAL LETTER E WITH DIAERESIS	Lu	Euml
U+000CC	LATIN CAPITAL LETTER I WITH GRAVE	Lu	Igrave
U+000CD	LATIN CAPITAL LETTER I WITH ACUTE	Lu	Iacute
U+000CE	LATIN CAPITAL LETTER I WITH CIRCUMFLEX	Lu	Icirc
U+000CF	LATIN CAPITAL LETTER I WITH DIAERESIS	Lu	Iuml
U+000D0	LATIN CAPITAL LETTER ETH	Lu	ETH
U+000D1	LATIN CAPITAL LETTER N WITH TILDE	Lu	Ntilde
U+000D2	LATIN CAPITAL LETTER O WITH GRAVE	Lu	Ograve
U+000D3	LATIN CAPITAL LETTER O WITH ACUTE	Lu	Oacute
U+000D4	LATIN CAPITAL LETTER O WITH CIRCUMFLEX	Lu	Ocirc
U+000D5	LATIN CAPITAL LETTER O WITH TILDE	Lu	Otilde
U+000D6	LATIN CAPITAL LETTER O WITH DIAERESIS	Lu	Ouml
U+000D7	MULTIPLICATION SIGN	Sm	times
U+000D8	LATIN CAPITAL LETTER O WITH STROKE	Lu	Oslash
U+000D9	LATIN CAPITAL LETTER U WITH GRAVE	Lu	Ugrave
U+000DA	LATIN CAPITAL LETTER U WITH ACUTE	Lu	Uacute
U+000DB	LATIN CAPITAL LETTER U WITH CIRCUMFLEX	Lu	Ucirc
U+000DC	LATIN CAPITAL LETTER U WITH DIAERESIS	Lu	Uuml
U+000DD	LATIN CAPITAL LETTER Y WITH ACUTE	Lu	Yacute
U+000DE	LATIN CAPITAL LETTER THORN	Lu	THORN
U+000DF	LATIN SMALL LETTER SHARP S	Ll	szlig
U+000E0	LATIN SMALL LETTER A WITH GRAVE	Ll	agrave
U+000E1	LATIN SMALL LETTER A WITH ACUTE	Ll	aacute
U+000E2	LATIN SMALL LETTER A WITH CIRCUMFLEX	Ll	acirc
U+000E3	LATIN SMALL LETTER A WITH TILDE	Ll	atilde
U+000E4	LATIN SMALL LETTER A WITH DIAERESIS	Ll	auml
U+000E5	LATIN SMALL LETTER A WITH RING ABOVE	Ll	aring
U+000E6	LATIN SMALL LETTER AE	Ll	aelig
U+000E7	LATIN SMALL LETTER C WITH CEDILLA	Ll	ccedil
U+000E8	LATIN SMALL LETTER E WITH GRAVE	Ll	egrave
U+000E9	LATIN SMALL LETTER E WITH ACUTE	Ll	eacute
U+000EA	LATIN SMALL LETTER E WITH CIRCUMFLEX	Ll	ecirc
U+000EB	LATIN SMALL LETTER E WITH DIAERESIS	Ll	euml
U+000EC	LATIN SMALL LETTER I WITH GRAVE	Ll	igrave
U+000ED	LATIN SMALL LETTER I WITH ACUTE	Ll	iacute
U+000EE	LATIN SMALL LETTER I WITH CIRCUMFLEX	Ll	icirc
U+000EF	LATIN SMALL LETTER I WITH DIAERESIS	Ll	iuml
U+000F0	LATIN SMALL LETTER ETH	Ll	eth
U+000F1	LATIN SMALL LETTER N WITH TILDE	Ll	ntilde
U+000F2	LATIN SMALL LETTER O WITH GRAVE	Ll	ograve
U+000F3	LATIN SMALL LETTER O WITH ACUTE	Ll	oacute
U+000F4	LATIN SMALL LETTER O WITH CIRCUMFLEX	Ll	ocirc
U+000F5	LATIN SMALL LETTER O WITH TILDE	Ll	otilde
U+000F6	LATIN SMALL LETTER O WITH DIAERESIS	Ll	ouml
U+000F7	DIVISION SIGN	Sm	divide	div
U+000F8	LATIN SMALL LETTER O WITH STROKE	Ll	oslash
U+000F9	LATIN SMALL LETTER U WITH GRAVE	Ll	ugrave
U+000FA	LATIN SMALL LETTER U WITH ACUTE	Ll	uacute
U+000FB	LATIN SMALL LETTER U WITH CIRCUMFLEX	Ll	ucirc
U+000FC	LATIN SMALL LETTER U WITH DIAERESIS	Ll	uuml
U+000FD	LATIN SMALL LETTER Y WITH ACUTE	Ll	yacute
U+000FE	LATIN SMALL LETTER THORN	Ll	thorn
U+000FF	LATIN SMALL LETTER Y WITH DIAERESIS	Ll	yuml
U+00100	LATIN CAPITAL LETTER A WITH MACRON	Lu	Amacr
U+00101	LATIN SMALL LETTER A WITH MACRON	Ll	amacr
U+00102	LATIN CAPITAL LETTER A WITH BREVE	Lu	Abreve
U+00103	LATIN SMALL LETTER A WITH BREVE	Ll	abreve
U+00104	LATIN CAPITAL LETTER A WITH OGONEK	Lu	Aogon
U+00105	LATIN SMALL LETTER A WITH OGONEK	Ll	aogon
U+00106	LATIN CAPITAL LETTER C WITH ACUTE	Lu	Cacute
U+00107	LATIN SMALL LETTER C WITH ACUTE	Ll	cacute
U+00108	LATIN CAPITAL LETTER C WITH CIRCUMFLEX	Lu	Ccirc
U+00109	LATIN SMALL LETTER C WITH CIRCUMFLEX	Ll	ccirc
U+0010A	LATIN CAPITAL LETTER C WITH DOT ABOVE	Lu	Cdot
U+0010B	LATIN SMALL LETTER C WITH DOT ABOVE	Ll	cdot
U+0010C	LATIN CAPITAL LETTER C WITH CARON	Lu	Ccaron
U+0010D	LATIN SMALL LETTER C WITH CARON	Ll	ccaron
U+0010E	LATIN CAPITAL LETTER D WITH CARON	Lu	Dcaron
U+0010F	LATIN SMALL LETTER D WITH CARON	Ll	dcaron
U+00110	LATIN CAPITAL LETTER D WITH STROKE	Lu	Dstrok
U+00111	LATIN SMALL LETTER D WITH STROKE	Ll	dstrok
U+00112	LATIN CAPITAL LETTER E WITH MACRON	Lu	Emacr
U+00113	LATIN SMALL LETTER E WITH MACRON	Ll	emacr
U+00116	LATIN CAPITAL LETTER E WITH DOT ABOVE	Lu	Edot
U+00117	LATIN SMALL LETTER E WITH DOT ABOVE	Ll	edot
U+00118	LATIN CAPITAL LETTER E WITH OGONEK	Lu	Eogon
U+00119	LATIN SMALL LETTER E WITH OGONEK	Ll	eogon
U+0011A	LATIN CAPITAL LETTER E WITH CARON	Lu	Ecaron
U+0011B	LATIN SMALL LETTER E WITH CARON	Ll	ecaron
U+0011C	LATIN CAPITAL LETTER G WITH CIRCUMFLEX	Lu	Gcirc
U+0011D	LATIN SMALL LETTER G WITH CIRCUMFLEX	Ll	gcirc
U+0011E	LATIN CAPITAL LETTER G WITH BREVE	Lu	Gbreve
U+0011F	LATIN SMALL LETTER G WITH BREVE	Ll	gbreve
U+00120	LATIN CAPITAL LETTER G WITH DOT ABOVE	Lu	Gdot
U+00121	LATIN SMALL LETTER G WITH DOT ABOVE	Ll	gdot
U+00122	LATIN CAPITAL LETTER G WITH CEDILLA	Lu	Gcedil
U+00124	LATIN CAPITAL LETTER H WITH CIRCUMFLEX	Lu	Hcirc
U+00125	LATIN SMALL LETTER H WITH CIRCUMFLEX	Ll	hcirc
U+00126	LATIN CAPITAL LETTER H WITH STROKE	Lu	Hstrok
U+00127	LATIN SMALL LETTER H WITH STROKE	Ll	hstrok
U+00128	LATIN CAPITAL LETTER I WITH TILDE	Lu	Itilde
U+00129	LATIN SMALL LETTER I WITH TILDE	Ll	itilde
U+0012A	LATIN CAPITAL LETTER I WITH MACRON	Lu	Imacr
U+0012B	LATIN SMALL LETTER I WITH MACRON	Ll	imacr
U+0012E	LATIN CAPITAL LETTER I WITH OGONEK	Lu	Iogon
U+0012F	LATIN SMALL LETTER I WITH OGONEK	Ll	iogon
U+00130	LATIN CAPITAL LETTER I WITH DOT ABOVE	Lu	Idot
U+00131	LATIN SMALL LETTER DOTLESS I	Ll	imath	inodot
U+00132	LATIN CAPITAL LIGATURE IJ	Lu	IJlig
U+00133	LATIN SMALL LIGATURE IJ	Ll	ijlig
U+00134	LATIN CAPITAL LETTER J WITH CIRCUMFLEX	Lu	Jcirc
U+00135	LATIN SMALL LETTER J WITH CIRCUMFLEX	Ll	jcirc
U+00136	LATIN CAPITAL LETTER K WITH CEDILLA	Lu	Kcedil
U+00137	LATIN SMALL LETTER K WITH CEDILLA	Ll	kcedil
U+00138	LATIN SMALL LETTER KRA	Ll	kgreen
U+00139	LATIN CAPITAL LETTER L WITH ACUTE	Lu	Lacute
U+0013A	LATIN SMALL LETTER L WITH ACUTE	Ll	lacute
U+0013B	LATIN CAPITAL LETTER L WITH CEDILLA	Lu	Lcedil
U+0013C	LATIN SMALL LETTER L WITH CEDILLA	Ll	lcedil
U+0013D	LATIN CAPITAL LETTER L WITH CARON	Lu	Lcaron
U+0013E	LATIN SMALL LETTER L WITH CARON	Ll	lcaron
U+0013F	LATIN CAPITAL LETTER L WITH MIDDLE DOT	Lu	Lmidot
U+00140	LATIN SMALL LETTER L WITH MIDDLE DOT	Ll	lmidot
U+00141	LATIN CAPITAL LETTER L WITH STROKE	Lu	Lstrok
U+00142	LATIN SMALL LETTER L WITH STROKE	Ll	lstrok
U+00143	LATIN CAPITAL LETTER N WITH ACUTE	Lu	Nacute
U+00144	LATIN SMALL LETTER N WITH ACUTE	Ll	nacute
U+00145	LATIN CAPITAL LETTER N WITH CEDILLA	Lu	Ncedil
U+00146	LATIN SMALL LETTER N WITH CEDILLA	Ll	ncedil
U+00147	LATIN CAPITAL LETTER N WITH CARON	Lu	Ncaron
U+00148	LATIN SMALL LETTER N WITH CARON	Ll	ncaron
U+00149	LATIN SMALL LETTER N PRECEDED BY APOSTROPHE	Ll	napos
U+0014A	LATIN CAPITAL LETTER ENG	Lu	ENG
U+0014B	LATIN SMALL LETTER ENG	Ll	eng
U+0014C	LATIN CAPITAL LETTER O WITH MACRON	Lu	Omacr
U+0014D	LATIN SMALL LETTER O WITH MACRON	Ll	omacr
U+00150	LATIN CAPITAL LETTER O WITH DOUBLE ACUTE	Lu	Odblac
U+00151	LATIN SMALL LETTER O WITH DOUBLE ACUTE	Ll	odblac
U+00152	LATIN CAPITAL LIGATURE OE	Lu	OElig
U+00153	LATIN SMALL LIGATURE OE	Ll	oelig
U+00154	LATIN CAPITAL LETTER R WITH ACUTE	Lu	Racute
U+00155	LATIN SMALL LETTER R WITH ACUTE	Ll	racute
U+00156	LATIN CAPITAL LETTER R WITH CEDILLA	Lu	Rcedil
U+00157	LATIN SMALL LETTER R WITH CEDILLA	Ll	rcedil
U+00158	LATIN CAPITAL LETTER R WITH CARON	Lu	Rcaron
U+00159	LATIN SMALL LETTER R WITH CARON	Ll	rcaron
U+0015A	LATIN CAPITAL LETTER S WITH ACUTE	Lu	Sacute
U+0015B	LATIN SMALL LETTER S WITH ACUTE	Ll	sacute
U+0015C	LATIN CAPITAL LETTER S WITH CIRCUMFLEX	Lu	Scirc
U+0015D	LATIN SMALL LETTER S WITH CIRCUMFLEX	Ll	scirc
U+0015E	LATIN CAPITAL LETTER S WITH CEDILLA	Lu	Scedil
U+0015F	LATIN SMALL LETTER S WITH CEDILLA	Ll	scedil
U+00160	LATIN CAPITAL LETTER S WITH CARON	Lu	Scaron
U+00161	LATIN SMALL LETTER S WITH CARON	Ll	scaron
U+00162	LATIN CAPITAL LETTER T WITH CEDILLA	Lu	Tcedil
U+00163	LATIN SMALL LETTER T WITH CEDILLA	Ll	tcedil
U+00164	LATIN CAPITAL LETTER T WITH CARON	Lu	Tcaron
U+00165	LATIN SMALL LETTER T WITH CARON	Ll	tcaron
U+00166	LATIN CAPITAL LETTER T WITH STROKE	Lu	Tstrok
U+00167	LATIN SMALL LETTER T WITH STROKE	Ll	tstrok
U+00168	LATIN CAPITAL LETTER U WITH TILDE	Lu	Utilde
U+00169	LATIN SMALL LETTER U WITH TILDE	Ll	utilde
U+0016A	LATIN CAPITAL LETTER U WITH MACRON	Lu	Umacr
U+0016B	LATIN SMALL LETTER U WITH MACRON	Ll	umacr
U+0016C	LATIN CAPITAL LETTER U WITH BREVE	Lu	Ubreve
U+0016D	LATIN SMALL LETTER U WITH BREVE	Ll	ubreve
U+0016E	LATIN CAPITAL LETTER U WITH RING ABOVE	Lu	Uring
U+0016F	LATIN SMALL LETTER U WITH RING ABOVE	Ll	uring
U+00170	LATIN CAPITAL LETTER U WITH DOUBLE ACUTE	Lu	Udblac
U+00171	LATIN SMALL LETTER U WITH DOUBLE ACUTE	Ll	udblac
U+00172	LATIN CAPITAL LETTER U WITH OGONEK	Lu	Uogon
U+00173	LATIN SMALL LETTER U WITH OGONEK	Ll	uogon
U+00174	LATIN CAPITAL LETTER W WITH CIRCUMFLEX	Lu	Wcirc
U+00175	LATIN SMALL LETTER W WITH CIRCUMFLEX	Ll	wcirc
U+00176	LATIN CAPITAL LETTER Y WITH CIRCUMFLEX	Lu	Ycirc
U+00177	LATIN SMALL LETTER Y WITH CIRCUMFLEX	Ll	ycirc
U+00178	LATIN CAPITAL LETTER Y WITH DIAERESIS	Lu	Yuml
U+00179	LATIN CAPITAL LETTER Z WITH ACUTE	Lu	Zacute
U+0017A	LATIN SMALL LETTER Z WITH ACUTE	Ll	zacute
U+0017B	LATIN CAPITAL LETTER Z WITH DOT ABOVE	Lu	Zdot
U+0017C	LATIN SMALL LETTER Z WITH DOT ABOVE	Ll	zdot
U+0017D	LATIN CAPITAL LETTER Z WITH CARON	Lu	Zcaron
U+0017E	LATIN SMALL LETTER Z WITH CARON	Ll	zcaron
U+00192	LATIN SMALL LETTER F WITH HOOK	Ll	fnof
U+001B5	LATIN CAPITAL LETTER Z WITH STROKE	Lu	imped
U+001F5	LATIN SMALL LETTER G WITH ACUTE	Ll	gacute
U+00237	LATIN SMALL LETTER DOTLESS J	Ll	jmath
U+002C6	MODIFIER LETTER CIRCUMFLEX ACCENT	Lm	circ
U+002C7	CARON	Lm	caron	Hacek
U+002D8	BREVE	Sk	breve	Breve
U+002D9	DOT ABOVE	Sk	dot	DiacriticalDot
U+002DA	RING ABOVE	Sk	ring
U+002DB	OGONEK	Sk	ogon
U+002DC	SMALL TILDE	Sk	tilde	DiacriticalTilde
U+002DD	DOUBLE ACUTE ACCENT	Sk	dblac	DiacriticalDoubleAcute
U+00311	COMBINING INVERTED BREVE	Mn	DownBreve
U+00332	COMBINING LOW LINE	Mn	UnderBar
U+00391	GREEK CAPITAL LETTER ALPHA	Lu	Alpha
U+00392	GREEK CAPITAL LETTER BETA	Lu	Beta
U+00393	GREEK CAPITAL LETTER GAMMA	Lu	Gamma
U+00394	GREEK CAPITAL LETTER DELTA	Lu	Delta
U+00395	GREEK CAPITAL LETTER EPSILON	Lu	Epsilon
U+00396	GREEK CAPITAL LETTER ZETA	Lu	Zeta
U+00397	GREEK CAPITAL LETTER ETA	Lu	Eta
U+00398	GREEK CAPITAL LETTER THETA	Lu	Theta
U+00399	GREEK CAPITAL LETTER IOTA	Lu	Iota
U+0039A	GREEK CAPITAL LETTER KAPPA	Lu	Kappa
U+0039B	GREEK CAPITAL LETTER LAMDA	Lu	Lambda
U+0039C	GREEK CAPITAL LETTER MU	Lu	Mu
U+0039D	GREEK CAPITAL LETTER NU	Lu	Nu
U+0039E	GREEK CAPITAL LETTER XI	Lu	Xi
U+0039F	GREEK CAPITAL LETTER OMICRON	Lu	Omicron
U+003A0	GREEK CAPITAL LETTER PI	Lu	Pi
U+003A1	GREEK CAPITAL LETTER RHO	Lu	Rho
U+003A3	GREEK CAPITAL LETTER SIGMA	Lu	Sigma
U+003A4	GREEK CAPITAL LETTER TAU	Lu	Tau
U+003A5	GREEK CAPITAL LETTER UPSILON	Lu	Upsilon
U+003A6	GREEK CAPITAL LETTER PHI	Lu	Phi
U+003A7	GREEK CAPITAL LETTER CHI	Lu	Chi
U+003A8	GREEK CAPITAL LETTER PSI	Lu	Psi
U+003A9	GREEK CAPITAL LETTER OMEGA	Lu	Omega
U+003B1	GREEK SMALL LETTER ALPHA	Ll	alpha
U+003B2	GREEK SMALL LETTER BETA	Ll	beta
U+003B3	GREEK SMALL LETTER GAMMA	Ll	gamma
U+003B4	GREEK SMALL LETTER DELTA	Ll	delta
U+003B5	GREEK SMALL LETTER EPSILON	Ll	epsiv	varepsilon	epsilon
U+003B6	GREEK SMALL LETTER ZETA	Ll	zeta
U+003B7	GREEK SMALL LETTER ETA	Ll	eta
U+003B8	GREEK SMALL LETTER THETA	Ll	theta
U+003B9	GREEK SMALL LETTER IOTA	Ll	iota
U+003BA	GREEK SMALL LETTER KAPPA	Ll	kappa
U+003BB	GREEK SMALL LETTER LAMDA	Ll	lambda
U+003BC	GREEK SMALL LETTER MU	Ll	mu
U+003BD	GREEK SMALL LETTER NU	Ll	nu
U+003BE	GREEK SMALL LETTER XI	Ll	xi
U+003BF	GREEK SMALL LETTER OMICRON	Ll	omicron
U+003C0	GREEK SMALL LETTER PI	Ll	pi
U+003C1	GREEK SMALL LETTER RHO	Ll	rho
U+003C2	GREEK SMALL LETTER FINAL SIGMA	Ll	sigmav	varsigma	sigmaf
U+003C3	GREEK SMALL LETTER SIGMA	Ll	sigma
U+003C4	GREEK SMALL LETTER TAU	Ll	tau
U+003C5	GREEK SMALL LETTER UPSILON	Ll	upsi	upsilon
U+003C6	GREEK SMALL LETTER PHI	Ll	phi	phiv	varphi
U+003C7	GREEK SMALL LETTER CHI	Ll	chi
U+003C8	GREEK SMALL LETTER PSI	Ll	psi
U+003C9	GREEK SMALL LETTER OMEGA	Ll	omega
U+003D1	GREEK THETA SYMBOL	Ll	thetav	vartheta	thetasym
U+003D2	GREEK UPSILON WITH HOOK SYMBOL	Lu	Upsi	upsih
U+003D5	GREEK PHI SYMBOL	Ll	straightphi
U+003D6	GREEK PI SYMBOL	Ll	piv	varpi
U+003DC	GREEK LETTER DIGAMMA	Lu	Gammad
U+003DD	GREEK SMALL LETTER DIGAMMA	Ll	gammad	digamma
U+003F0	GREEK KAPPA SYMBOL	Ll	kappav	varkappa
U+003F1	GREEK RHO SYMBOL	Ll	rhov	varrho
U+003F5	GREEK LUNATE EPSILON SYMBOL	Ll	epsi	straightepsilon
U+003F6	GREEK REVERSED LUNATE EPSILON SYMBOL	Sm	bepsi	backepsilon
U+00401	CYRILLIC CAPITAL LETTER IO	Lu	IOcy
U+00402	CYRILLIC CAPITAL LETTER DJE	Lu	DJcy
U+00403	CYRILLIC CAPITAL LETTER GJE	Lu	GJcy
U+00404	CYRILLIC CAPITAL LETTER UKRAINIAN IE	Lu	Jukcy
U+00405	CYRILLIC CAPITAL LETTER DZE	Lu	DScy
U+00406	CYRILLIC CAPITAL LETTER BYELORUSSIAN-UKRAINIAN I	Lu	Iukcy
U+00407	CYRILLIC CAPITAL LETTER YI	Lu	YIcy
U+00408	CYRILLIC CAPITAL LETTER JE	Lu	Jsercy
U+00409	CYRILLIC CAPITAL LETTER LJE	Lu	LJcy
U+0040A	CYRILLIC CAPITAL LETTER NJE	Lu	NJcy
U+0040B	CYRILLIC CAPITAL LETTER TSHE	Lu	TSHcy
U+0040C	CYRILLIC CAPITAL LETTER KJE	Lu	KJcy
U+0040E	CYRILLIC CAPITAL LETTER SHORT U	Lu	Ubrcy
U+0040F	CYRILLIC CAPITAL LETTER DZHE	Lu	DZcy
U+00410	CYRILLIC CAPITAL LETTER A	Lu	Acy
U+00411	CYRILLIC CAPITAL LETTER BE	Lu	Bcy
U+00412	CYRILLIC CAPITAL LETTER VE	Lu	Vcy
U+00413	CYRILLIC CAPITAL LETTER GHE	Lu	Gcy
U+00414	CYRILLIC CAPITAL LETTER DE	Lu	Dcy
U+00415	CYRILLIC CAPITAL LETTER IE	Lu	IEcy
U+00416	CYRILLIC CAPITAL LETTER ZHE	Lu	ZHcy
U+00417	CYRILLIC CAPITAL LETTER ZE	Lu	Zcy
U+00418	CYRILLIC CAPITAL LETTER I	Lu	Icy
U+00419	CYRILLIC CAPITAL LETTER SHORT I	Lu	Jcy
U+0041A	CYRILLIC CAPITAL LETTER KA	Lu	Kcy
U+0041B	CYRILLIC CAPITAL LETTER EL	Lu	Lcy
U+0041C	CYRILLIC CAPITAL LETTER EM	Lu	Mcy
U+0041D	CYRILLIC CAPITAL LETTER EN	Lu	Ncy
U+0041E	CYRILLIC CAPITAL LETTER O	Lu	Ocy
U+0041F	CYRILLIC CAPITAL LETTER PE	Lu	Pcy
U+00420	CYRILLIC CAPITAL LETTER ER	Lu	Rcy
U+00421	CYRILLIC CAPITAL LETTER ES	Lu	Scy
U+00422	CYRILLIC CAPITAL LETTER TE	Lu	Tcy
U+00423	CYRILLIC CAPITAL LETTER U	Lu	Ucy
U+00424	CYRILLIC CAPITAL LETTER EF	Lu	Fcy
U+00425	CYRILLIC CAPITAL LETTER HA	Lu	KHcy
U+00426	CYRILLIC CAPITAL LETTER TSE	Lu	TScy
U+00427	CYRILLIC CAPITAL LETTER CHE	Lu	CHcy
U+00428	CYRILLIC CAPITAL LETTER SHA	Lu	SHcy
U+00429	CYRILLIC CAPITAL LETTER SHCHA	Lu	SHCHcy
U+0042A	CYRILLIC CAPITAL LETTER HARD SIGN	Lu	HARDcy
U+0042B	CYRILLIC CAPITAL LETTER YERU	Lu	Ycy
U+0042C	CYRILLIC CAPITAL LETTER SOFT SIGN	Lu	SOFTcy
U+0042D	CYRILLIC CAPITAL LETTER E	Lu	Ecy
U+0042E	CYRILLIC CAPITAL LETTER YU	Lu	YUcy
U+0042F	CYRILLIC CAPITAL LETTER YA	Lu	YAcy
U+00430	CYRILLIC SMALL LETTER A	Ll	acy
U+00431	CYRILLIC SMALL LETTER BE	Ll	bcy
U+00432	CYRILLIC SMALL LETTER VE	Ll	vcy
U+00433	CYRILLIC SMALL LETTER GHE	Ll	gcy
U+00434	CYRILLIC SMALL LETTER DE	Ll	dcy
U+00435	CYRILLIC SMALL LETTER IE	Ll	iecy
U+00436	CYRILLIC SMALL LETTER ZHE	Ll	zhcy
U+00437	CYRILLIC SMALL LETTER ZE	Ll	zcy
U+00438	CYRILLIC SMALL LETTER I	Ll	icy
U+00439	CYRILLIC SMALL LETTER SHORT I	Ll	jcy
U+0043A	CYRILLIC SMALL LETTER KA	Ll	kcy
U+0043B	CYRILLIC SMALL LETTER EL	Ll	lcy
U+0043C	CYRILLIC SMALL LETTER EM	Ll	mcy
U+0043D	CYRILLIC SMALL LETTER EN	Ll	ncy
U+0043E	CYRILLIC SMALL LETTER O	Ll	ocy
U+0043F	CYRILLIC SMALL LETTER PE	Ll	pcy
U+00440	CYRILLIC SMALL LETTER ER	Ll	rcy
U+00441	CYRILLIC SMALL LETTER ES	Ll	scy
U+00442	CYRILLIC SMALL LETTER TE	Ll	tcy
U+00443	CYRILLIC SMALL LETTER U	Ll	ucy
U+00444	CYRILLIC SMALL LETTER EF	Ll	fcy
U+00445	CYRILLIC SMALL LETTER HA	Ll	khcy
U+00446	CYRILLIC SMALL LETTER TSE	Ll	tscy
U+00447	CYRILLIC SMALL LETTER CHE	Ll	chcy
U+00448	CYRILLIC SMALL LETTER SHA	Ll	shcy
U+00449	CYRILLIC SMALL LETTER SHCHA	Ll	shchcy
U+0044A	CYRILLIC SMALL LETTER HARD SIGN	Ll	hardcy
U+0044B	CYRILLIC SMALL LETTER YERU	Ll	ycy
U+0044C	CYRILLIC SMALL LETTER SOFT SIGN	Ll	softcy
U+0044D	CYRILLIC SMALL LETTER E	Ll	ecy
U+0044E	CYRILLIC SMALL LETTER YU	Ll	yucy
U+0044F	CYRILLIC SMALL LETTER YA	Ll	yacy
U+00451	CYRILLIC SMALL LETTER IO	Ll	iocy
U+00452	CYRILLIC SMALL LETTER DJE	Ll	djcy
U+00453	CYRILLIC SMALL LETTER GJE	Ll	gjcy
U+00454	CYRILLIC SMALL LETTER UKRAINIAN IE	Ll	jukcy
U+00455	CYRILLIC SMALL LETTER DZE	Ll	dscy
U+00456	CYRILLIC SMALL LETTER BYELORUSSIAN-UKRAINIAN I	Ll	iukcy
U+00457	CYRILLIC SMALL LETTER YI	Ll	yicy
U+00458	CYRILLIC SMALL LETTER JE	Ll	jsercy
U+00459	CYRILLIC SMALL LETTER LJE	Ll	ljcy
U+0045A	CYRILLIC SMALL LETTER NJE	Ll	njcy
U+0045B	CYRILLIC SMALL LETTER TSHE	Ll	tshcy
U+0045C	CYRILLIC SMALL LETTER KJE	Ll	kjcy
U+0045E	CYRILLIC SMALL LETTER SHORT U	Ll	ubrcy
U+0045F	CYRILLIC SMALL LETTER DZHE	Ll	dzcy
U+02002	EN SPACE	Zs	ensp
U+02003	EM SPACE	Zs	emsp
U+02004	THREE-PER-EM SPACE	Zs	emsp13
U+02005	FOUR-PER-EM SPACE	Zs	emsp14
U+02007	FIGURE SPACE	Zs	numsp
U+02008	PUNCTUATION SPACE	Zs	puncsp
U+02009	THIN SPACE	Zs	thinsp	ThinSpace
U+0200A	HAIR SPACE	Zs	hairsp	VeryThinSpace
U+0200B	ZERO WIDTH SPACE	Cf	ZeroWidthSpace	NegativeVeryThinSpace	NegativeThinSpace	NegativeMediumSpace	NegativeThickSpace
U+0200C	ZERO WIDTH NON-JOINER	Cf	zwnj
U+0200D	ZERO WIDTH JOINER	Cf	zwj
U+0200E	LEFT-TO-RIGHT MARK	Cf	lrm
U+0200F	RIGHT-TO-LEFT MARK	Cf	rlm
U+02010	HYPHEN	Pd	hyphen	dash
U+02013	EN DASH	Pd	ndash
U+02014	EM DASH	Pd	mdash
U+02015	HORIZONTAL BAR	Pd	horbar
U+02016	DOUBLE VERTICAL LINE	Po	Verbar	Vert
U+02018	LEFT SINGLE QUOTATION MARK	Pi	lsquo	OpenCurlyQuote
U+02019	RIGHT SINGLE QUOTATION MARK	Pf	rsquo	rsquor	CloseCurlyQuote
U+0201A	SINGLE LOW-9 QUOTATION MARK	Ps	lsquor	sbquo
U+0201C	LEFT DOUBLE QUOTATION MARK	Pi	ldquo	OpenCurlyDoubleQuote
U+0201D	RIGHT DOUBLE QUOTATION MARK	Pf	rdquo	rdquor	CloseCurlyDoubleQuote
U+0201E	DOUBLE LOW-9 QUOTATION MARK	Ps	ldquor	bdquo
U+02020	DAGGER	Po	dagger
U+02021	DOUBLE DAGGER	Po	Dagger	ddagger
U+02022	BULLET	Po	bull	bullet
U+02025	TWO DOT LEADER	Po	nldr
U+02026	HORIZONTAL ELLIPSIS	Po	hellip	mldr
U+02030	PER MILLE SIGN	Po	permil
U+02031	PER TEN THOUSAND SIGN	Po	pertenk
U+02032	PRIME	Po	prime
U+02033	DOUBLE PRIME	Po	Prime
U+02034	TRIPLE PRIME	Po	tprime
U+02035	REVERSED PRIME	Po	bprime	backprime
U+02039	SINGLE LEFT-POINTING ANGLE QUOTATION MARK	Pi	lsaquo
U+0203A	SINGLE RIGHT-POINTING ANGLE QUOTATION MARK	Pf	rsaquo
U+0203E	OVERLINE	Po	oline
U+02041	CARET INSERTION POINT	Po	caret
U+02043	HYPHEN BULLET	Po	hybull
U+02044	FRACTION SLASH	Sm	frasl
U+0204F	REVERSED SEMICOLON	Po	bsemi
U+02057	QUADRUPLE PRIME	Po	qprime
U+0205F	MEDIUM MATHEMATICAL SPACE	Zs	MediumSpace
U+02060	WORD JOINER	Cf	NoBreak
U+02061	FUNCTION APPLICATION	Cf	ApplyFunction	af
U+02062	INVISIBLE TIMES	Cf	InvisibleTimes	it
U+02063	INVISIBLE SEPARATOR	Cf	InvisibleComma	ic
U+020AC	EURO SIGN	Sc	euro
U+020DB	COMBINING THREE DOTS ABOVE	Mn	tdot	TripleDot
U+020DC	COMBINING FOUR DOTS ABOVE	Mn	DotDot
U+02102	DOUBLE-STRUCK CAPITAL C	Lu	Copf	complexes
U+02105	CARE OF	So	incare
U+0210A	SCRIPT SMALL G	Ll	gscr
U+0210B	SCRIPT CAPITAL H	Lu	hamilt	HilbertSpace	Hscr
U+0210C	BLACK-LETTER CAPITAL H	Lu	Hfr	Poincareplane
U+0210D	DOUBLE-STRUCK CAPITAL H	Lu	quaternions	Hopf
U+0210E	PLANCK CONSTANT	Ll	planckh
U+0210F	PLANCK CONSTANT OVER TWO PI	Ll	planck	hbar	plankv	hslash
U+02110	SCRIPT CAPITAL I	Lu	Iscr	imagline
U+02111	BLACK-LETTER CAPITAL I	Lu	image	Im	imagpart	Ifr
U+02112	SCRIPT CAPITAL L	Lu	Lscr	lagran	Laplacetrf
U+02113	SCRIPT SMALL L	Ll	ell
U+02115	DOUBLE-STRUCK CAPITAL N	Lu	Nopf	naturals
U+02116	NUMERO SIGN	So	numero
U+02117	SOUND RECORDING COPYRIGHT	So	copysr
U+02118	SCRIPT CAPITAL P	So	weierp	wp
U+02119	DOUBLE-STRUCK CAPITAL P	Lu	Popf	primes
U+0211A	DOUBLE-STRUCK CAPITAL Q	Lu	rationals	Qopf
U+0211B	SCRIPT CAPITAL R	Lu	Rscr	realine
U+0211C	BLACK-LETTER CAPITAL R	Lu	real	Re	realpart	Rfr
U+0211D	DOUBLE-STRUCK CAPITAL R	Lu	reals	Ropf
U+0211E	PRESCRIPTION TAKE	So	rx
U+02122	TRADE MARK SIGN	So	trade	TRADE
U+02124	DOUBLE-STRUCK CAPITAL Z	Lu	integers	Zopf
U+02126	OHM SIGN	Lu	ohm
U+02127	INVERTED OHM SIGN	So	mho
U+02128	BLACK-LETTER CAPITAL Z	Lu	Zfr	zeetrf
U+02129	TURNED GREEK SMALL LETTER IOTA	So	iiota
U+0212B	ANGSTROM SIGN	Lu	angst
U+0212C	SCRIPT CAPITAL B	Lu	bernou	Bernoullis	Bscr
U+0212D	BLACK-LETTER CAPITAL C	Lu	Cfr	Cayleys
U+0212F	SCRIPT SMALL E	Ll	escr
U+02130	SCRIPT CAPITAL E	Lu	Escr	expectation
U+02131	SCRIPT CAPITAL F	Lu	Fscr	Fouriertrf
U+02133	SCRIPT CAPITAL M	Lu	phmmat	Mellintrf	Mscr
U+02134	SCRIPT SMALL O	Ll	order	orderof	oscr
U+02135	ALEF SYMBOL	Lo	alefsym	aleph
U+02136	BET SYMBOL	Lo	beth
U+02137	GIMEL SYMBOL	Lo	gimel
U+02138	DALET SYMBOL	Lo	daleth
U+02145	DOUBLE-STRUCK ITALIC CAPITAL D	Lu	CapitalDifferentialD	DD
U+02146	DOUBLE-STRUCK ITALIC SMALL D	Ll	DifferentialD	dd
U+02147	DOUBLE-STRUCK ITALIC SMALL E	Ll	ExponentialE	exponentiale	ee
U+02148	DOUBLE-STRUCK ITALIC SMALL I	Ll	ImaginaryI	ii
U+02153	VULGAR FRACTION ONE THIRD	No	frac13
U+02154	VULGAR FRACTION TWO THIRDS	No	frac23
U+02155	VULGAR FRACTION ONE FIFTH	No	frac15
U+02156	VULGAR FRACTION TWO FIFTHS	No	frac25
U+02157	VULGAR FRACTION THREE FIFTHS	No	frac35
U+02158	VULGAR FRACTION FOUR FIFTHS	No	frac45
U+02159	VULGAR FRACTION ONE SIXTH	No	frac16
U+0215A	VULGAR FRACTION FIVE SIXTHS	No	frac56
U+0215B	VULGAR FRACTION ONE EIGHTH	No	frac18
U+0215C	VULGAR FRACTION THREE EIGHTHS	No	frac38
U+0215D	VULGAR FRACTION FIVE EIGHTHS	No	frac58
U+0215E	VULGAR FRACTION SEVEN EIGHTHS	No	frac78
U+02190	LEFTWARDS ARROW	Sm	larr	leftarrow	LeftArrow	slarr	ShortLeftArrow
U+02191	UPWARDS ARROW	Sm	uarr	uparrow	UpArrow	ShortUpArrow
U+02192	RIGHTWARDS ARROW	Sm	rarr	rightarrow	RightArrow	srarr	ShortRightArrow
U+02193	DOWNWARDS ARROW	Sm	darr	downarrow	DownArrow	ShortDownArrow
U+02194	LEFT RIGHT ARROW	Sm	harr	leftrightarrow	LeftRightArrow
U+02195	UP DOWN ARROW	So	varr	updownarrow	UpDownArrow
U+02196	NORTH WEST ARROW	So	nwarr	UpperLeftArrow	nwarrow
U+02197	NORTH EAST ARROW	So	nearr	UpperRightArrow	nearrow
U+02198	SOUTH EAST ARROW	So	searr	searrow	LowerRightArrow
U+02199	SOUTH WEST ARROW	So	swarr	swarrow	LowerLeftArrow
U+0219A	LEFTWARDS ARROW WITH STROKE	Sm	nlarr	nleftarrow
U+0219B	RIGHTWARDS ARROW WITH STROKE	Sm	nrarr	nrightarrow
U+0219D	RIGHTWARDS WAVE ARROW	So	rarrw	rightsquigarrow
U+0219E	LEFTWARDS TWO HEADED ARROW	So	Larr	twoheadleftarrow
U+0219F	UPWARDS TWO HEADED ARROW	So	Uarr
U+021A0	RIGHTWARDS TWO HEADED ARROW	Sm	Rarr	twoheadrightarrow
U+021A1	DOWNWARDS TWO HEADED ARROW	So	Darr
U+021A2	LEFTWARDS ARROW WITH TAIL	So	larrtl	leftarrowtail
U+021A3	RIGHTWARDS ARROW WITH TAIL	Sm	rarrtl	rightarrowtail
U+021A4	LEFTWARDS ARROW FROM BAR	So	LeftTeeArrow	mapstoleft
U+021A5	UPWARDS ARROW FROM BAR	So	UpTeeArrow	mapstoup
U+021A6	RIGHTWARDS ARROW FROM BAR	Sm	map	RightTeeArrow	mapsto
U+021A7	DOWNWARDS ARROW FROM BAR	So	DownTeeArrow	mapstodown
U+021A9	LEFTWARDS ARROW WITH HOOK	So	larrhk	hookleftarrow
U+021AA	RIGHTWARDS ARROW WITH HOOK	So	rarrhk	hookrightarrow
U+021AB	LEFTWARDS ARROW WITH LOOP	So	larrlp	looparrowleft
U+021AC	RIGHTWARDS ARROW WITH LOOP	So	rarrlp	looparrowright
U+021AD	LEFT RIGHT WAVE ARROW	So	harrw	leftrightsquigarrow
U+021AE	LEFT RIGHT ARROW WITH STROKE	Sm	nharr	nleftrightarrow
U+021B0	UPWARDS ARROW WITH TIP LEFTWARDS	So	lsh	Lsh
U+021B1	UPWARDS ARROW WITH TIP RIGHTWARDS	So	rsh	Rsh
U+021B2	DOWNWARDS ARROW WITH TIP LEFTWARDS	So	ldsh
U+021B3	DOWNWARDS ARROW WITH TIP RIGHTWARDS	So	rdsh
U+021B5	DOWNWARDS ARROW WITH CORNER LEFTWARDS	So	crarr
U+021B6	ANTICLOCKWISE TOP SEMICIRCLE ARROW	So	cularr	curvearrowleft
U+021B7	CLOCKWISE TOP SEMICIRCLE ARROW	So	curarr	curvearrowright
U+021BA	ANTICLOCKWISE OPEN CIRCLE ARROW	So	olarr	circlearrowleft
U+021BB	CLOCKWISE OPEN CIRCLE ARROW	So	orarr	circlearrowright
U+021BC	LEFTWARDS HARPOON WITH BARB UPWARDS	So	lharu	LeftVector	leftharpoonup
U+021BD	LEFTWARDS HARPOON WITH BARB DOWNWARDS	So	lhard	leftharpoondown	DownLeftVector
U+021BE	UPWARDS HARPOON WITH BARB RIGHTWARDS	So	uharr	upharpoonright	RightUpVector
U+021BF	UPWARDS HARPOON WITH BARB LEFTWARDS	So	uharl	upharpoonleft	LeftUpVector
U+021C0	RIGHTWARDS HARPOON WITH BARB UPWARDS	So	rharu	RightVector	rightharpoonup
U+021C1	RIGHTWARDS HARPOON WITH BARB DOWNWARDS	So	rhard	rightharpoondown	DownRightVector
U+021C2	DOWNWARDS HARPOON WITH BARB RIGHTWARDS	So	dharr	RightDownVector	downharpoonright
U+021C3	DOWNWARDS HARPOON WITH BARB LEFTWARDS	So	dharl	LeftDownVector	downharpoonleft
U+021C4	RIGHTWARDS ARROW OVER LEFTWARDS ARROW	So	rlarr	rightleftarrows	RightArrowLeftArrow
U+021C5	UPWARDS ARROW LEFTWARDS OF DOWNWARDS ARROW	So	udarr	UpArrowDownArrow
U+021C6	LEFTWARDS ARROW OVER RIGHTWARDS ARROW	So	lrarr	leftrightarrows	LeftArrowRightArrow
U+021C7	LEFTWARDS PAIRED ARROWS	So	llarr	leftleftarrows
U+021C8	UPWARDS PAIRED ARROWS	So	uuarr	upuparrows
U+021C9	RIGHTWARDS PAIRED ARROWS	So	rrarr	rightrightarrows
U+021CA	DOWNWARDS PAIRED ARROWS	So	ddarr	downdownarrows
U+021CB	LEFTWARDS HARPOON OVER RIGHTWARDS HARPOON	So	lrhar	ReverseEquilibrium	leftrightharpoons
U+021CC	RIGHTWARDS HARPOON OVER LEFTWARDS HARPOON	So	rlhar	rightleftharpoons	Equilibrium
U+021CD	LEFTWARDS DOUBLE ARROW WITH STROKE	So	nlArr	nLeftarrow
U+021CE	LEFT RIGHT DOUBLE ARROW WITH STROKE	Sm	nhArr	nLeftrightarrow
U+021CF	RIGHTWARDS DOUBLE ARROW WITH STROKE	Sm	nrArr	nRightarrow
U+021D0	LEFTWARDS DOUBLE ARROW	So	lArr	Leftarrow	DoubleLeftArrow
U+021D1	UPWARDS DOUBLE ARROW	So	uArr	Uparrow	DoubleUpArrow
U+021D2	RIGHTWARDS DOUBLE ARROW	Sm	rArr	Rightarrow	Implies	DoubleRightArrow
U+021D3	DOWNWARDS DOUBLE ARROW	So	dArr	Downarrow	DoubleDownArrow
U+021D4	LEFT RIGHT DOUBLE ARROW	Sm	hArr	Leftrightarrow	DoubleLeftRightArrow	iff
U+021D5	UP DOWN DOUBLE ARROW	So	vArr	Updownarrow	DoubleUpDownArrow
U+021D6	NORTH WEST DOUBLE ARROW	So	nwArr
U+021D7	NORTH EAST DOUBLE ARROW	So	neArr
U+021D8	SOUTH EAST DOUBLE ARROW	So	seArr
U+021D9	SOUTH WEST DOUBLE ARROW	So	swArr
U+021DA	LEFTWARDS TRIPLE ARROW	So	lAarr	Lleftarrow
U+021DB	RIGHTWARDS TRIPLE ARROW	So	rAarr	Rrightarrow
U+021DD	RIGHTWARDS SQUIGGLE ARROW	So	zigrarr
U+021E4	LEFTWARDS ARROW TO BAR	So	larrb	LeftArrowBar
U+021E5	RIGHTWARDS ARROW TO BAR	So	rarrb	RightArrowBar
U+021F5	DOWNWARDS ARROW LEFTWARDS OF UPWARDS ARROW	Sm	duarr	DownArrowUpArrow
U+021FD	LEFTWARDS OPEN-HEADED ARROW	Sm	loarr
U+021FE	RIGHTWARDS OPEN-HEADED ARROW	Sm	roarr
U+021FF	LEFT RIGHT OPEN-HEADED ARROW	Sm	hoarr
U+02200	FOR ALL	Sm	forall	ForAll
U+02201	COMPLEMENT	Sm	comp	complement
U+02202	PARTIAL DIFFERENTIAL	Sm	part	PartialD
U+02203	THERE EXISTS	Sm	exist	Exists
U+02204	THERE DOES NOT EXIST	Sm	nexist	NotExists	nexists
U+02205	EMPTY SET	Sm	empty	emptyset	emptyv	varnothing
U+02207	NABLA	Sm	nabla	Del
U+02208	ELEMENT OF	Sm	isin	isinv	Element	in
U+02209	NOT AN ELEMENT OF	Sm	notin	NotElement	notinva
U+0220B	CONTAINS AS MEMBER	Sm	niv	ReverseElement	ni	SuchThat
U+0220C	DOES NOT CONTAIN AS MEMBER	Sm	notni	notniva	NotReverseElement
U+0220F	N-ARY PRODUCT	Sm	prod	Product
U+02210	N-ARY COPRODUCT	Sm	coprod	Coproduct
U+02211	N-ARY SUMMATION	Sm	sum	Sum
U+02212	MINUS SIGN	Sm	minus
U+02213	MINUS-OR-PLUS SIGN	Sm	mnplus	mp	MinusPlus
U+02214	DOT PLUS	Sm	plusdo	dotplus
U+02216	SET MINUS	Sm	setmn	setminus	Backslash	ssetmn	smallsetminus
U+02217	ASTERISK OPERATOR	Sm	lowast
U+02218	RING OPERATOR	Sm	compfn	SmallCircle
U+0221A	SQUARE ROOT	Sm	radic	Sqrt
U+0221D	PROPORTIONAL TO	Sm	prop	propto	Proportional	vprop	varpropto
U+0221E	INFINITY	Sm	infin
U+0221F	RIGHT ANGLE	Sm	angrt
U+02220	ANGLE	Sm	ang	angle
U+02221	MEASURED ANGLE	Sm	angmsd	measuredangle
U+02222	SPHERICAL ANGLE	Sm	angsph
U+02223	DIVIDES	Sm	mid	VerticalBar	smid	shortmid
U+02224	DOES NOT DIVIDE	Sm	nmid	NotVerticalBar	nsmid	nshortmid
U+02225	PARALLEL TO	Sm	par	parallel	DoubleVerticalBar	spar	shortparallel
U+02226	NOT PARALLEL TO	Sm	npar	nparallel	NotDoubleVerticalBar	nspar	nshortparallel
U+02227	LOGICAL AND	Sm	and	wedge
U+02228	LOGICAL OR	Sm	or	vee
U+02229	INTERSECTION	Sm	cap
U+0222A	UNION	Sm	cup
U+0222B	INTEGRAL	Sm	int	Integral
U+0222C	DOUBLE INTEGRAL	Sm	Int
U+0222D	TRIPLE INTEGRAL	Sm	tint	iiint
U+0222E	CONTOUR INTEGRAL	Sm	conint	oint	ContourIntegral
U+0222F	SURFACE INTEGRAL	Sm	Conint	DoubleContourIntegral
U+02230	VOLUME INTEGRAL	Sm	Cconint
U+02231	CLOCKWISE INTEGRAL	Sm	cwint
U+02232	CLOCKWISE CONTOUR INTEGRAL	Sm	cwconint	ClockwiseContourIntegral
U+02233	ANTICLOCKWISE CONTOUR INTEGRAL	Sm	awconint	CounterClockwiseContourIntegral
U+02234	THEREFORE	Sm	there4	therefore	Therefore
U+02235	BECAUSE	Sm	becaus	because	Because
U+02236	RATIO	Sm	ratio
U+02237	PROPORTION	Sm	Colon	Proportion
U+02238	DOT MINUS	Sm	minusd	dotminus
U+0223A	GEOMETRIC PROPORTION	Sm	mDDot
U+0223B	HOMOTHETIC	Sm	homtht
U+0223C	TILDE OPERATOR	Sm	sim	Tilde	thksim	thicksim
U+0223D	REVERSED TILDE	Sm	bsim	backsim
U+0223E	INVERTED LAZY S	Sm	ac	mstpos
U+0223F	SINE WAVE	Sm	acd
U+02240	WREATH PRODUCT	Sm	wreath	VerticalTilde	wr
U+02241	NOT TILDE	Sm	nsim	NotTilde
U+02242	MINUS TILDE	Sm	esim	EqualTilde	eqsim
U+02243	ASYMPTOTICALLY EQUAL TO	Sm	sime	TildeEqual	simeq
U+02244	NOT ASYMPTOTICALLY EQUAL TO	Sm	nsime	nsimeq	NotTildeEqual
U+02245	APPROXIMATELY EQUAL TO	Sm	cong	TildeFullEqual
U+02246	APPROXIMATELY BUT NOT ACTUALLY EQUAL TO	Sm	simne
U+02247	NEITHER APPROXIMATELY NOR ACTUALLY EQUAL TO	Sm	ncong	NotTildeFullEqual
U+02248	ALMOST EQUAL TO	Sm	asymp	ap	TildeTilde	approx	thkap	thickapprox
U+02249	NOT ALMOST EQUAL TO	Sm	nap	NotTildeTilde	napprox
U+0224A	ALMOST EQUAL OR EQUAL TO	Sm	ape	approxeq
U+0224B	TRIPLE TILDE	Sm	apid
U+0224C	ALL EQUAL TO	Sm	bcong	backcong
U+0224D	EQUIVALENT TO	Sm	asympeq	CupCap
U+0224E	GEOMETRICALLY EQUIVALENT TO	Sm	bump	HumpDownHump	Bumpeq
U+0224F	DIFFERENCE BETWEEN	Sm	bumpe	HumpEqual	bumpeq
U+02250	APPROACHES THE LIMIT	Sm	esdot	DotEqual	doteq
U+02251	GEOMETRICALLY EQUAL TO	Sm	eDot	doteqdot
U+02252	APPROXIMATELY EQUAL TO OR THE IMAGE OF	Sm	efDot	fallingdotseq
U+02253	IMAGE OF OR APPROXIMATELY EQUAL TO	Sm	erDot	risingdotseq
U+02254	COLON EQUALS	Sm	colone	coloneq	Assign
U+02255	EQUALS COLON	Sm	ecolon	eqcolon
U+02256	RING IN EQUAL TO	Sm	ecir	eqcirc
U+02257	RING EQUAL TO	Sm	cire	circeq
U+02259	ESTIMATES	Sm	wedgeq
U+0225A	EQUIANGULAR TO	Sm	veeeq
U+0225C	DELTA EQUAL TO	Sm	trie	triangleq
U+0225F	QUESTIONED EQUAL TO	Sm	equest	questeq
U+02260	NOT EQUAL TO	Sm	ne	NotEqual
U+02261	IDENTICAL TO	Sm	equiv	Congruent
U+02262	NOT IDENTICAL TO	Sm	nequiv	NotCongruent
U+02264	LESS-THAN OR EQUAL TO	Sm	le	leq
U+02265	GREATER-THAN OR EQUAL TO	Sm	ge	GreaterEqual	geq
U+02266	LESS-THAN OVER EQUAL TO	Sm	lE	LessFullEqual	leqq
U+02267	GREATER-THAN OVER EQUAL TO	Sm	gE	GreaterFullEqual	geqq
U+02268	LESS-THAN BUT NOT EQUAL TO	Sm	lnE	lneqq
U+02269	GREATER-THAN BUT NOT EQUAL TO	Sm	gnE	gneqq
U+0226A	MUCH LESS-THAN	Sm	Lt	NestedLessLess	ll
U+0226B	MUCH GREATER-THAN	Sm	Gt	NestedGreaterGreater	gg
U+0226C	BETWEEN	Sm	twixt	between
U+0226D	NOT EQUIVALENT TO	Sm	NotCupCap
U+0226E	NOT LESS-THAN	Sm	nlt	NotLess	nless
U+0226F	NOT GREATER-THAN	Sm	ngt	NotGreater	ngtr
U+02270	NEITHER LESS-THAN NOR EQUAL TO	Sm	nle	NotLessEqual	nleq
U+02271	NEITHER GREATER-THAN NOR EQUAL TO	Sm	nge	NotGreaterEqual	ngeq
U+02272	LESS-THAN OR EQUIVALENT TO	Sm	lsim	LessTilde	lesssim
U+02273	GREATER-THAN OR EQUIVALENT TO	Sm	gsim	gtrsim	GreaterTilde
U+02274	NEITHER LESS-THAN NOR EQUIVALENT TO	Sm	nlsim	NotLessTilde
U+02275	NEITHER GREATER-THAN NOR EQUIVALENT TO	Sm	ngsim	NotGreaterTilde
U+02276	LESS-THAN OR GREATER-THAN	Sm	lg	lessgtr	LessGreater
U+02277	GREATER-THAN OR LESS-THAN	Sm	gl	gtrless	GreaterLess
U+02278	NEITHER LESS-THAN NOR GREATER-THAN	Sm	ntlg	NotLessGreater
U+02279	NEITHER GREATER-THAN NOR LESS-THAN	Sm	ntgl	NotGreaterLess
U+0227A	PRECEDES	Sm	pr	Precedes	prec
U+0227B	SUCCEEDS	Sm	sc	Succeeds	succ
U+0227C	PRECEDES OR EQUAL TO	Sm	prcue	PrecedesSlantEqual	preccurlyeq
U+0227D	SUCCEEDS OR EQUAL TO	Sm	sccue	SucceedsSlantEqual	succcurlyeq
U+0227E	PRECEDES OR EQUIVALENT TO	Sm	prsim	precsim	PrecedesTilde
U+0227F	SUCCEEDS OR EQUIVALENT TO	Sm	scsim	succsim	SucceedsTilde
U+02280	DOES NOT PRECEDE	Sm	npr	nprec	NotPrecedes
U+02281	DOES NOT SUCCEED	Sm	nsc	nsucc	NotSucceeds
U+02282	SUBSET OF	Sm	sub	subset
U+02283	SUPERSET OF	Sm	sup	supset	Superset
U+02284	NOT A SUBSET OF	Sm	nsub
U+02285	NOT A SUPERSET OF	Sm	nsup
U+02286	SUBSET OF OR EQUAL TO	Sm	sube	SubsetEqual	subseteq
U+02287	SUPERSET OF OR EQUAL TO	Sm	supe	supseteq	SupersetEqual
U+02288	NEITHER A SUBSET OF NOR EQUAL TO	Sm	nsube	nsubseteq	NotSubsetEqual
U+02289	NEITHER A SUPERSET OF NOR EQUAL TO	Sm	nsupe	nsupseteq	NotSupersetEqual
U+0228A	SUBSET OF WITH NOT EQUAL TO	Sm	subne	subsetneq
U+0228B	SUPERSET OF WITH NOT EQUAL TO	Sm	supne	supsetneq
U+0228D	MULTISET MULTIPLICATION	Sm	cupdot
U+0228E	MULTISET UNION	Sm	uplus	UnionPlus
U+0228F	SQUARE IMAGE OF	Sm	sqsub	SquareSubset	sqsubset
U+02290	SQUARE ORIGINAL OF	Sm	sqsup	SquareSuperset	sqsupset
U+02291	SQUARE IMAGE OF OR EQUAL TO	Sm	sqsube	SquareSubsetEqual	sqsubseteq
U+02292	SQUARE ORIGINAL OF OR EQUAL TO	Sm	sqsupe	SquareSupersetEqual	sqsupseteq
U+02293	SQUARE CAP	Sm	sqcap	SquareIntersection
U+02294	SQUARE CUP	Sm	sqcup	SquareUnion
U+02295	CIRCLED PLUS	Sm	oplus	CirclePlus
U+02296	CIRCLED MINUS	Sm	ominus	CircleMinus
U+02297	CIRCLED TIMES	Sm	otimes	CircleTimes
U+02298	CIRCLED DIVISION SLASH	Sm	osol
U+02299	CIRCLED DOT OPERATOR	Sm	odot	CircleDot
U+0229A	CIRCLED RING OPERATOR	Sm	ocir	circledcirc
U+0229B	CIRCLED ASTERISK OPERATOR	Sm	oast	circledast
U+0229D	CIRCLED DASH	Sm	odash	circleddash
U+0229E	SQUARED PLUS	Sm	plusb	boxplus
U+0229F	SQUARED MINUS	Sm	minusb	boxminus
U+022A0	SQUARED TIMES	Sm	timesb	boxtimes
U+022A1	SQUARED DOT OPERATOR	Sm	sdotb	dotsquare
U+022A2	RIGHT TACK	Sm	vdash	RightTee
U+022A3	LEFT TACK	Sm	dashv	LeftTee
U+022A4	DOWN TACK	Sm	top	DownTee
U+022A5	UP TACK	Sm	bottom	bot	perp	UpTee
U+022A7	MODELS	Sm	models
U+022A8	TRUE	Sm	vDash	DoubleRightTee
U+022A9	FORCES	Sm	Vdash
U+022AA	TRIPLE VERTICAL BAR RIGHT TURNSTILE	Sm	Vvdash
U+022AB	DOUBLE VERTICAL BAR DOUBLE RIGHT TURNSTILE	Sm	VDash
U+022AC	DOES NOT PROVE	Sm	nvdash
U+022AD	NOT TRUE	Sm	nvDash
U+022AE	DOES NOT FORCE	Sm	nVdash
U+022AF	NEGATED DOUBLE VERTICAL BAR DOUBLE RIGHT TURNSTILE	Sm	nVDash
U+022B0	PRECEDES UNDER RELATION	Sm	prurel
U+022B2	NORMAL SUBGROUP OF	Sm	vltri	vartriangleleft	LeftTriangle
U+022B3	CONTAINS AS NORMAL SUBGROUP	Sm	vrtri	vartriangleright	RightTriangle
U+022B4	NORMAL SUBGROUP OF OR EQUAL TO	Sm	ltrie	trianglelefteq	LeftTriangleEqual
U+022B5	CONTAINS AS NORMAL SUBGROUP OR EQUAL TO	Sm	rtrie	trianglerighteq	RightTriangleEqual
U+022B6	ORIGINAL OF	Sm	origof
U+022B7	IMAGE OF	Sm	imof
U+022B8	MULTIMAP	Sm	mumap	multimap
U+022B9	HERMITIAN CONJUGATE MATRIX	Sm	hercon
U+022BA	INTERCALATE	Sm	intcal	intercal
U+022BB	XOR	Sm	veebar
U+022BD	NOR	Sm	barvee
U+022BE	RIGHT ANGLE WITH ARC	Sm	angrtvb
U+022BF	RIGHT TRIANGLE	Sm	lrtri
U+022C0	N-ARY LOGICAL AND	Sm	xwedge	Wedge	bigwedge
U+022C1	N-ARY LOGICAL OR	Sm	xvee	Vee	bigvee
U+022C2	N-ARY INTERSECTION	Sm	xcap	Intersection	bigcap
U+022C3	N-ARY UNION	Sm	xcup	Union	bigcup
U+022C4	DIAMOND OPERATOR	Sm	diam	diamond	Diamond
U+022C5	DOT OPERATOR	Sm	sdot
U+022C6	STAR OPERATOR	Sm	sstarf	Star
U+022C7	DIVISION TIMES	Sm	divonx	divideontimes
U+022C8	BOWTIE	Sm	bowtie
U+022C9	LEFT NORMAL FACTOR SEMIDIRECT PRODUCT	Sm	ltimes
U+022CA	RIGHT NORMAL FACTOR SEMIDIRECT PRODUCT	Sm	rtimes
U+022CB	LEFT SEMIDIRECT PRODUCT	Sm	lthree	leftthreetimes
U+022CC	RIGHT SEMIDIRECT PRODUCT	Sm	rthree	rightthreetimes
U+022CD	REVERSED TILDE EQUALS	Sm	bsime	backsimeq
U+022CE	CURLY LOGICAL OR	Sm	cuvee	curlyvee
U+022CF	CURLY LOGICAL AND	Sm	cuwed	curlywedge
U+022D0	DOUBLE SUBSET	Sm	Sub	Subset
U+022D1	DOUBLE SUPERSET	Sm	Sup	Supset
U+022D2	DOUBLE INTERSECTION	Sm	Cap
U+022D3	DOUBLE UNION	Sm	Cup
U+022D4	PITCHFORK	Sm	fork	pitchfork
U+022D5	EQUAL AND PARALLEL TO	Sm	epar
U+022D6	LESS-THAN WITH DOT	Sm	ltdot	lessdot
U+022D7	GREATER-THAN WITH DOT	Sm	gtdot	gtrdot
U+022D8	VERY MUCH LESS-THAN	Sm	Ll
U+022D9	VERY MUCH GREATER-THAN	Sm	Gg	ggg
U+022DA	LESS-THAN EQUAL TO OR GREATER-THAN	Sm	leg	LessEqualGreater	lesseqgtr
U+022DB	GREATER-THAN EQUAL TO OR LESS-THAN	Sm	gel	gtreqless	GreaterEqualLess
U+022DE	EQUAL TO OR PRECEDES	Sm	cuepr	curlyeqprec
U+022DF	EQUAL TO OR SUCCEEDS	Sm	cuesc	curlyeqsucc
U+022E0	DOES NOT PRECEDE OR EQUAL	Sm	nprcue	NotPrecedesSlantEqual
U+022E1	DOES NOT SUCCEED OR EQUAL	Sm	nsccue	NotSucceedsSlantEqual
U+022E2	NOT SQUARE IMAGE OF OR EQUAL TO	Sm	nsqsube	NotSquareSubsetEqual
U+022E3	NOT SQUARE ORIGINAL OF OR EQUAL TO	Sm	nsqsupe	NotSquareSupersetEqual
U+022E6	LESS-THAN BUT NOT EQUIVALENT TO	Sm	lnsim
U+022E7	GREATER-THAN BUT NOT EQUIVALENT TO	Sm	gnsim
U+022E8	PRECEDES BUT NOT EQUIVALENT TO	Sm	prnsim	precnsim
U+022E9	SUCCEEDS BUT NOT EQUIVALENT TO	Sm	scnsim	succnsim
U+022EA	NOT NORMAL SUBGROUP OF	Sm	nltri	ntriangleleft	NotLeftTriangle
U+022EB	DOES NOT CONTAIN AS NORMAL SUBGROUP	Sm	nrtri	ntriangleright	NotRightTriangle
U+022EC	NOT NORMAL SUBGROUP OF OR EQUAL TO	Sm	nltrie	ntrianglelefteq	NotLeftTriangleEqual
U+022ED	DOES NOT CONTAIN AS NORMAL SUBGROUP OR EQUAL	Sm	nrtrie	ntrianglerighteq	NotRightTriangleEqual
U+022EE	VERTICAL ELLIPSIS	Sm	vellip
U+022EF	MIDLINE HORIZONTAL ELLIPSIS	Sm	ctdot
U+022F0	UP RIGHT DIAGONAL ELLIPSIS	Sm	utdot
U+022F1	DOWN RIGHT DIAGONAL ELLIPSIS	Sm	dtdot
U+022F2	ELEMENT OF WITH LONG HORIZONTAL STROKE	Sm	disin
U+022F3	ELEMENT OF WITH VERTICAL BAR AT END OF HORIZONTAL STROKE	Sm	isinsv
U+022F4	SMALL ELEMENT OF WITH VERTICAL BAR AT END OF HORIZONTAL STROKE	Sm	isins
U+022F5	ELEMENT OF WITH DOT ABOVE	Sm	isindot
U+022F6	ELEMENT OF WITH OVERBAR	Sm	notinvc
U+022F7	SMALL ELEMENT OF WITH OVERBAR	Sm	notinvb
U+022F9	ELEMENT OF WITH TWO HORIZONTAL STROKES	Sm	isinE
U+022FA	CONTAINS WITH LONG HORIZONTAL STROKE	Sm	nisd
U+022FB	CONTAINS WITH VERTICAL BAR AT END OF HORIZONTAL STROKE	Sm	xnis
U+022FC	SMALL CONTAINS WITH VERTICAL BAR AT END OF HORIZONTAL STROKE	Sm	nis
U+022FD	CONTAINS WITH OVERBAR	Sm	notnivc
U+022FE	SMALL CONTAINS WITH OVERBAR	Sm	notnivb
U+02305	PROJECTIVE	So	barwed	barwedge
U+02306	PERSPECTIVE	So	Barwed	doublebarwedge
U+02308	LEFT CEILING	Sm	lceil	LeftCeiling
U+02309	RIGHT CEILING	Sm	rceil	RightCeiling
U+0230A	LEFT FLOOR	Sm	lfloor	LeftFloor
U+0230B	RIGHT FLOOR	Sm	rfloor	RightFloor
U+0230C	BOTTOM RIGHT CROP	So	drcrop
U+0230D	BOTTOM LEFT CROP	So	dlcrop
U+0230E	TOP RIGHT CROP	So	urcrop
U+0230F	TOP LEFT CROP	So	ulcrop
U+02310	REVERSED NOT SIGN	So	bnot
U+02312	ARC	So	profline
U+02313	SEGMENT	So	profsurf
U+02315	TELEPHONE RECORDER	So	telrec
U+02316	POSITION INDICATOR	So	target
U+0231C	TOP LEFT CORNER	So	ulcorn	ulcorner
U+0231D	TOP RIGHT CORNER	So	urcorn	urcorner
U+0231E	BOTTOM LEFT CORNER	So	dlcorn	llcorner
U+0231F	BOTTOM RIGHT CORNER	So	drcorn	lrcorner
U+02322	FROWN	So	frown	sfrown
U+02323	SMILE	So	smile	ssmile
U+0232D	CYLINDRICITY	So	cylcty
U+0232E	ALL AROUND-PROFILE	So	profalar
U+02336	APL FUNCTIONAL SYMBOL I-BEAM	So	topbot
U+0233D	APL FUNCTIONAL SYMBOL CIRCLE STILE	So	ovbar
U+0233F	APL FUNCTIONAL SYMBOL SLASH BAR	So	solbar
U+0237C	RIGHT ANGLE WITH DOWNWARDS ZIGZAG ARROW	Sm	angzarr
U+023B0	UPPER LEFT OR LOWER RIGHT CURLY BRACKET SECTION	Sm	lmoust	lmoustache
U+023B1	UPPER RIGHT OR LOWER LEFT CURLY BRACKET SECTION	Sm	rmoust	rmoustache
U+023B4	TOP SQUARE BRACKET	So	tbrk	OverBracket
U+023B5	BOTTOM SQUARE BRACKET	So	bbrk	UnderBracket
U+023B6	BOTTOM SQUARE BRACKET OVER TOP SQUARE BRACKET	So	bbrktbrk
U+023DC	TOP PARENTHESIS	Sm	OverParenthesis
U+023DD	BOTTOM PARENTHESIS	Sm	UnderParenthesis
U+023DE	TOP CURLY BRACKET	Sm	OverBrace
U+023DF	BOTTOM CURLY BRACKET	Sm	UnderBrace
U+023E2	WHITE TRAPEZIUM	So	trpezium
U+023E7	ELECTRICAL INTERSECTION	So	elinters
U+02423	OPEN BOX	So	blank
U+024C8	CIRCLED LATIN CAPITAL LETTER S	So	oS	circledS
U+02500	BOX DRAWINGS LIGHT HORIZONTAL	So	boxh	HorizontalLine
U+02502	BOX DRAWINGS LIGHT VERTICAL	So	boxv
U+0250C	BOX DRAWINGS LIGHT DOWN AND RIGHT	So	boxdr
U+02510	BOX DRAWINGS LIGHT DOWN AND LEFT	So	boxdl
U+02514	BOX DRAWINGS LIGHT UP AND RIGHT	So	boxur
U+02518	BOX DRAWINGS LIGHT UP AND LEFT	So	boxul
U+0251C	BOX DRAWINGS LIGHT VERTICAL AND RIGHT	So	boxvr
U+02524	BOX DRAWINGS LIGHT VERTICAL AND LEFT	So	boxvl
U+0252C	BOX DRAWINGS LIGHT DOWN AND HORIZONTAL	So	boxhd
U+02534	BOX DRAWINGS LIGHT UP AND HORIZONTAL	So	boxhu
U+0253C	BOX DRAWINGS LIGHT VERTICAL AND HORIZONTAL	So	boxvh
U+02550	BOX DRAWINGS DOUBLE HORIZONTAL	So	boxH
U+02551	BOX DRAWINGS DOUBLE VERTICAL	So	boxV
U+02552	BOX DRAWINGS DOWN SINGLE AND RIGHT DOUBLE	So	boxdR
U+02553	BOX DRAWINGS DOWN DOUBLE AND RIGHT SINGLE	So	boxDr
U+02554	BOX DRAWINGS DOUBLE DOWN AND RIGHT	So	boxDR
U+02555	BOX DRAWINGS DOWN SINGLE AND LEFT DOUBLE	So	boxdL
U+02556	BOX DRAWINGS DOWN DOUBLE AND LEFT SINGLE	So	boxDl
U+02557	BOX DRAWINGS DOUBLE DOWN AND LEFT	So	boxDL
U+02558	BOX DRAWINGS UP SINGLE AND RIGHT DOUBLE	So	boxuR
U+02559	BOX DRAWINGS UP DOUBLE AND RIGHT SINGLE	So	boxUr
U+0255A	BOX DRAWINGS DOUBLE UP AND RIGHT	So	boxUR
U+0255B	BOX DRAWINGS UP SINGLE AND LEFT DOUBLE	So	boxuL
U+0255C	BOX DRAWINGS UP DOUBLE AND LEFT SINGLE	So	boxUl
U+0255D	BOX DRAWINGS DOUBLE UP AND LEFT	So	boxUL
U+0255E	BOX DRAWINGS VERTICAL SINGLE AND RIGHT DOUBLE	So	boxvR
U+0255F	BOX DRAWINGS VERTICAL DOUBLE AND RIGHT SINGLE	So	boxVr
U+02560	BOX DRAWINGS DOUBLE VERTICAL AND RIGHT	So	boxVR
U+02561	BOX DRAWINGS VERTICAL SINGLE AND LEFT DOUBLE	So	boxvL
U+02562	BOX DRAWINGS VERTICAL DOUBLE AND LEFT SINGLE	So	boxVl
U+02563	BOX DRAWINGS DOUBLE VERTICAL AND LEFT	So	boxVL
U+02564	BOX DRAWINGS DOWN SINGLE AND HORIZONTAL DOUBLE	So	boxHd
U+02565	BOX DRAWINGS DOWN DOUBLE AND HORIZONTAL SINGLE	So	boxhD
U+02566	BOX DRAWINGS DOUBLE DOWN AND HORIZONTAL	So	boxHD
U+02567	BOX DRAWINGS UP SINGLE AND HORIZONTAL DOUBLE	So	boxHu
U+02568	BOX DRAWINGS UP DOUBLE AND HORIZONTAL SINGLE	So	boxhU
U+02569	BOX DRAWINGS DOUBLE UP AND HORIZONTAL	So	boxHU
U+0256A	BOX DRAWINGS VERTICAL SINGLE AND HORIZONTAL DOUBLE	So	boxvH
U+0256B	BOX DRAWINGS VERTICAL DOUBLE AND HORIZONTAL SINGLE	So	boxVh
U+0256C	BOX DRAWINGS DOUBLE VERTICAL AND HORIZONTAL	So	boxVH
U+02580	UPPER HALF BLOCK	So	uhblk
U+02584	LOWER HALF BLOCK	So	lhblk
U+02588	FULL BLOCK	So	block
U+02591	LIGHT SHADE	So	blk14
U+02592	MEDIUM SHADE	So	blk12
U+02593	DARK SHADE	So	blk34
U+025A1	WHITE SQUARE	So	squ	square	Square
U+025AA	BLACK SMALL SQUARE	So	squf	squarf	blacksquare	FilledVerySmallSquare
U+025AB	WHITE SMALL SQUARE	So	EmptyVerySmallSquare
U+025AD	WHITE RECTANGLE	So	rect
U+025AE	BLACK VERTICAL RECTANGLE	So	marker
U+025B1	WHITE PARALLELOGRAM	So	fltns
U+025B3	WHITE UP-POINTING TRIANGLE	So	xutri	bigtriangleup
U+025B4	BLACK UP-POINTING SMALL TRIANGLE	So	utrif	blacktriangle
U+025B5	WHITE UP-POINTING SMALL TRIANGLE	So	utri	triangle
U+025B8	BLACK RIGHT-POINTING SMALL TRIANGLE	So	rtrif	blacktriangleright
U+025B9	WHITE RIGHT-POINTING SMALL TRIANGLE	So	rtri	triangleright
U+025BD	WHITE DOWN-POINTING TRIANGLE	So	xdtri	bigtriangledown
U+025BE	BLACK DOWN-POINTING SMALL TRIANGLE	So	dtrif	blacktriangledown
U+025BF	WHITE DOWN-POINTING SMALL TRIANGLE	So	dtri	triangledown
U+025C2	BLACK LEFT-POINTING SMALL TRIANGLE	So	ltrif	blacktriangleleft
U+025C3	WHITE LEFT-POINTING SMALL TRIANGLE	So	ltri	triangleleft
U+025CA	LOZENGE	So	loz	lozenge
U+025CB	WHITE CIRCLE	So	cir
U+025EC	WHITE UP-POINTING TRIANGLE WITH DOT	So	tridot
U+025EF	LARGE CIRCLE	So	xcirc	bigcirc
U+025F8	UPPER LEFT TRIANGLE	Sm	ultri
U+025F9	UPPER RIGHT TRIANGLE	Sm	urtri
U+025FA	LOWER LEFT TRIANGLE	Sm	lltri
U+025FB	WHITE MEDIUM SQUARE	Sm	EmptySmallSquare
U+025FC	BLACK MEDIUM SQUARE	Sm	FilledSmallSquare
U+02605	BLACK STAR	So	starf	bigstar
U+02606	WHITE STAR	So	star
U+0260E	BLACK TELEPHONE	So	phone
U+02640	FEMALE SIGN	So	female
U+02642	MALE SIGN	So	male
U+02660	BLACK SPADE SUIT	So	spades	spadesuit
U+02663	BLACK CLUB SUIT	So	clubs	clubsuit
U+02665	BLACK HEART SUIT	So	hearts	heartsuit
U+02666	BLACK DIAMOND SUIT	So	diams	diamondsuit
U+0266A	EIGHTH NOTE	So	sung
U+0266D	MUSIC FLAT SIGN	So	flat
U+0266E	MUSIC NATURAL SIGN	So	natur	natural
U+0266F	MUSIC SHARP SIGN	Sm	sharp
U+02713	CHECK MARK	So	check	checkmark
U+02717	BALLOT X	So	cross
U+02720	MALTESE CROSS	So	malt	maltese
U+02736	SIX POINTED BLACK STAR	So	sext
U+02758	LIGHT VERTICAL BAR	So	VerticalSeparator
U+02772	LIGHT LEFT TORTOISE SHELL BRACKET ORNAMENT	Ps	lbbrk
U+02773	LIGHT RIGHT TORTOISE SHELL BRACKET ORNAMENT	Pe	rbbrk
U+027E6	MATHEMATICAL LEFT WHITE SQUARE BRACKET	Ps	lobrk	LeftDoubleBracket
U+027E7	MATHEMATICAL RIGHT WHITE SQUARE BRACKET	Pe	robrk	RightDoubleBracket
U+027E8	MATHEMATICAL LEFT ANGLE BRACKET	Ps	lang	LeftAngleBracket	langle
U+027E9	MATHEMATICAL RIGHT ANGLE BRACKET	Pe	rang	RightAngleBracket	rangle
U+027EA	MATHEMATICAL LEFT DOUBLE ANGLE BRACKET	Ps	Lang
U+027EB	MATHEMATICAL RIGHT DOUBLE ANGLE BRACKET	Pe	Rang
U+027EC	MATHEMATICAL LEFT WHITE TORTOISE SHELL BRACKET	Ps	loang
U+027ED	MATHEMATICAL RIGHT WHITE TORTOISE SHELL BRACKET	Pe	roang
U+027F5	LONG LEFTWARDS ARROW	Sm	xlarr	longleftarrow	LongLeftArrow
U+027F6	LONG RIGHTWARDS ARROW	Sm	xrarr	longrightarrow	LongRightArrow
U+027F7	LONG LEFT RIGHT ARROW	Sm	xharr	longleftrightarrow	LongLeftRightArrow
U+027F8	LONG LEFTWARDS DOUBLE ARROW	Sm	xlArr	Longleftarrow	DoubleLongLeftArrow
U+027F9	LONG RIGHTWARDS DOUBLE ARROW	Sm	xrArr	Longrightarrow	DoubleLongRightArrow
U+027FA	LONG LEFT RIGHT DOUBLE ARROW	Sm	xhArr	Longleftrightarrow	DoubleLongLeftRightArrow
U+027FC	LONG RIGHTWARDS ARROW FROM BAR	Sm	xmap	longmapsto
U+027FF	LONG RIGHTWARDS SQUIGGLE ARROW	Sm	dzigrarr
U+02902	LEFTWARDS DOUBLE ARROW WITH VERTICAL STROKE	Sm	nvlArr
U+02903	RIGHTWARDS DOUBLE ARROW WITH VERTICAL STROKE	Sm	nvrArr
U+02904	LEFT RIGHT DOUBLE ARROW WITH VERTICAL STROKE	Sm	nvHarr
U+02905	RIGHTWARDS TWO-HEADED ARROW FROM BAR	Sm	Map
U+0290C	LEFTWARDS DOUBLE DASH ARROW	Sm	lbarr
U+0290D	RIGHTWARDS DOUBLE DASH ARROW	Sm	rbarr	bkarow
U+0290E	LEFTWARDS TRIPLE DASH ARROW	Sm	lBarr
U+0290F	RIGHTWARDS TRIPLE DASH ARROW	Sm	rBarr	dbkarow
U+02910	RIGHTWARDS TWO-HEADED TRIPLE DASH ARROW	Sm	RBarr	drbkarow
U+02911	RIGHTWARDS ARROW WITH DOTTED STEM	Sm	DDotrahd
U+02912	UPWARDS ARROW TO BAR	Sm	UpArrowBar
U+02913	DOWNWARDS ARROW TO BAR	Sm	DownArrowBar
U+02916	RIGHTWARDS TWO-HEADED ARROW WITH TAIL	Sm	Rarrtl
U+02919	LEFTWARDS ARROW-TAIL	Sm	latail
U+0291A	RIGHTWARDS ARROW-TAIL	Sm	ratail
U+0291B	LEFTWARDS DOUBLE ARROW-TAIL	Sm	lAtail
U+0291C	RIGHTWARDS DOUBLE ARROW-TAIL	Sm	rAtail
U+0291D	LEFTWARDS ARROW TO BLACK DIAMOND	Sm	larrfs
U+0291E	RIGHTWARDS ARROW TO BLACK DIAMOND	Sm	rarrfs
U+0291F	LEFTWARDS ARROW FROM BAR TO BLACK DIAMOND	Sm	larrbfs
U+02920	RIGHTWARDS ARROW FROM BAR TO BLACK DIAMOND	Sm	rarrbfs
U+02923	NORTH WEST ARROW WITH HOOK	Sm	nwarhk
U+02924	NORTH EAST ARROW WITH HOOK	Sm	nearhk
U+02925	SOUTH EAST ARROW WITH HOOK	Sm	searhk	hksearow
U+02926	SOUTH WEST ARROW WITH HOOK	Sm	swarhk	hkswarow
U+02927	NORTH WEST ARROW AND NORTH EAST ARROW	Sm	nwnear
U+02928	NORTH EAST ARROW AND SOUTH EAST ARROW	Sm	nesear	toea
U+02929	SOUTH EAST ARROW AND SOUTH WEST ARROW	Sm	seswar	tosa
U+0292A	SOUTH WEST ARROW AND NORTH WEST ARROW	Sm	swnwar
U+02933	WAVE ARROW POINTING DIRECTLY RIGHT	Sm	rarrc
U+02935	ARROW POINTING RIGHTWARDS THEN CURVING DOWNWARDS	Sm	cudarrr
U+02936	ARROW POINTING DOWNWARDS THEN CURVING LEFTWARDS	Sm	ldca
U+02937	ARROW POINTING DOWNWARDS THEN CURVING RIGHTWARDS	Sm	rdca
U+02938	RIGHT-SIDE ARC CLOCKWISE ARROW	Sm	cudarrl
U+02939	LEFT-SIDE ARC ANTICLOCKWISE ARROW	Sm	larrpl
U+0293C	TOP ARC CLOCKWISE ARROW WITH MINUS	Sm	curarrm
U+0293D	TOP ARC ANTICLOCKWISE ARROW WITH PLUS	Sm	cularrp
U+02945	RIGHTWARDS ARROW WITH PLUS BELOW	Sm	rarrpl
U+02948	LEFT RIGHT ARROW THROUGH SMALL CIRCLE	Sm	harrcir
U+02949	UPWARDS TWO-HEADED ARROW FROM SMALL CIRCLE	Sm	Uarrocir
U+0294A	LEFT BARB UP RIGHT BARB DOWN HARPOON	Sm	lurdshar
U+0294B	LEFT BARB DOWN RIGHT BARB UP HARPOON	Sm	ldrushar
U+0294E	LEFT BARB UP RIGHT BARB UP HARPOON	Sm	LeftRightVector
U+0294F	UP BARB RIGHT DOWN BARB RIGHT HARPOON	Sm	RightUpDownVector
U+02950	LEFT BARB DOWN RIGHT BARB DOWN HARPOON	Sm	DownLeftRightVector
U+02951	UP BARB LEFT DOWN BARB LEFT HARPOON	Sm	LeftUpDownVector
U+02952	LEFTWARDS HARPOON WITH BARB UP TO BAR	Sm	LeftVectorBar
U+02953	RIGHTWARDS HARPOON WITH BARB UP TO BAR	Sm	RightVectorBar
U+02954	UPWARDS HARPOON WITH BARB RIGHT TO BAR	Sm	RightUpVectorBar
U+02955	DOWNWARDS HARPOON WITH BARB RIGHT TO BAR	Sm	RightDownVectorBar
U+02956	LEFTWARDS HARPOON WITH BARB DOWN TO BAR	Sm	DownLeftVectorBar
U+02957	RIGHTWARDS HARPOON WITH BARB DOWN TO BAR	Sm	DownRightVectorBar
U+02958	UPWARDS HARPOON WITH BARB LEFT TO BAR	Sm	LeftUpVectorBar
U+02959	DOWNWARDS HARPOON WITH BARB LEFT TO BAR	Sm	LeftDownVectorBar
U+0295A	LEFTWARDS HARPOON WITH BARB UP FROM BAR	Sm	LeftTeeVector
U+0295B	RIGHTWARDS HARPOON WITH BARB UP FROM BAR	Sm	RightTeeVector
U+0295C	UPWARDS HARPOON WITH BARB RIGHT FROM BAR	Sm	RightUpTeeVector
U+0295D	DOWNWARDS HARPOON WITH BARB RIGHT FROM BAR	Sm	RightDownTeeVector
U+0295E	LEFTWARDS HARPOON WITH BARB DOWN FROM BAR	Sm	DownLeftTeeVector
U+0295F	RIGHTWARDS HARPOON WITH BARB DOWN FROM BAR	Sm	DownRightTeeVector
U+02960	UPWARDS HARPOON WITH BARB LEFT FROM BAR	Sm	LeftUpTeeVector
U+02961	DOWNWARDS HARPOON WITH BARB LEFT FROM BAR	Sm	LeftDownTeeVector
U+02962	LEFTWARDS HARPOON WITH BARB UP ABOVE LEFTWARDS HARPOON WITH BARB DOWN	Sm	lHar
U+02963	UPWARDS HARPOON WITH BARB LEFT BESIDE UPWARDS HARPOON WITH BARB RIGHT	Sm	uHar
U+02964	RIGHTWARDS HARPOON WITH BARB UP ABOVE RIGHTWARDS HARPOON WITH BARB DOWN	Sm	rHar
U+02965	DOWNWARDS HARPOON WITH BARB LEFT BESIDE DOWNWARDS HARPOON WITH BARB RIGHT	Sm	dHar
U+02966	LEFTWARDS HARPOON WITH BARB UP ABOVE RIGHTWARDS HARPOON WITH BARB UP	Sm	luruhar
U+02967	LEFTWARDS HARPOON WITH BARB DOWN ABOVE RIGHTWARDS HARPOON WITH BARB DOWN	Sm	ldrdhar
U+02968	RIGHTWARDS HARPOON WITH BARB UP ABOVE LEFTWARDS HARPOON WITH BARB UP	Sm	ruluhar
U+02969	RIGHTWARDS HARPOON WITH BARB DOWN ABOVE LEFTWARDS HARPOON WITH BARB DOWN	Sm	rdldhar
U+0296A	LEFTWARDS HARPOON WITH BARB UP ABOVE LONG DASH	Sm	lharul
U+0296B	LEFTWARDS HARPOON WITH BARB DOWN BELOW LONG DASH	Sm	llhard
U+0296C	RIGHTWARDS HARPOON WITH BARB UP ABOVE LONG DASH	Sm	rharul
U+0296D	RIGHTWARDS HARPOON WITH BARB DOWN BELOW LONG DASH	Sm	lrhard
U+0296E	UPWARDS HARPOON WITH BARB LEFT BESIDE DOWNWARDS HARPOON WITH BARB RIGHT	Sm	udhar	UpEquilibrium
U+0296F	DOWNWARDS HARPOON WITH BARB LEFT BESIDE UPWARDS HARPOON WITH BARB RIGHT	Sm	duhar	ReverseUpEquilibrium
U+02970	RIGHT DOUBLE ARROW WITH ROUNDED HEAD	Sm	RoundImplies
U+02971	EQUALS SIGN ABOVE RIGHTWARDS ARROW	Sm	erarr
U+02972	TILDE OPERATOR ABOVE RIGHTWARDS ARROW	Sm	simrarr
U+02973	LEFTWARDS ARROW ABOVE TILDE OPERATOR	Sm	larrsim
U+02974	RIGHTWARDS ARROW ABOVE TILDE OPERATOR	Sm	rarrsim
U+02975	RIGHTWARDS ARROW ABOVE ALMOST EQUAL TO	Sm	rarrap
U+02976	LESS-THAN ABOVE LEFTWARDS ARROW	Sm	ltlarr
U+02978	GREATER-THAN ABOVE RIGHTWARDS ARROW	Sm	gtrarr
U+02979	SUBSET ABOVE RIGHTWARDS ARROW	Sm	subrarr
U+0297B	SUPERSET ABOVE LEFTWARDS ARROW	Sm	suplarr
U+0297C	LEFT FISH TAIL	Sm	lfisht
U+0297D	RIGHT FISH TAIL	Sm	rfisht
U+0297E	UP FISH TAIL	Sm	ufisht
U+0297F	DOWN FISH TAIL	Sm	dfisht
U+02985	LEFT WHITE PARENTHESIS	Ps	lopar
U+02986	RIGHT WHITE PARENTHESIS	Pe	ropar
U+0298B	LEFT SQUARE BRACKET WITH UNDERBAR	Ps	lbrke
U+0298C	RIGHT SQUARE BRACKET WITH UNDERBAR	Pe	rbrke
U+0298D	LEFT SQUARE BRACKET WITH TICK IN TOP CORNER	Ps	lbrkslu
U+0298E	RIGHT SQUARE BRACKET WITH TICK IN BOTTOM CORNER	Pe	rbrksld
U+0298F	LEFT SQUARE BRACKET WITH TICK IN BOTTOM CORNER	Ps	lbrksld
U+02990	RIGHT SQUARE BRACKET WITH TICK IN TOP CORNER	Pe	rbrkslu
U+02991	LEFT ANGLE BRACKET WITH DOT	Ps	langd
U+02992	RIGHT ANGLE BRACKET WITH DOT	Pe	rangd
U+02993	LEFT ARC LESS-THAN BRACKET	Ps	lparlt
U+02994	RIGHT ARC GREATER-THAN BRACKET	Pe	rpargt
U+02995	DOUBLE LEFT ARC GREATER-THAN BRACKET	Ps	gtlPar
U+02996	DOUBLE RIGHT ARC LESS-THAN BRACKET	Pe	ltrPar
U+0299A	VERTICAL ZIGZAG LINE	Sm	vzigzag
U+0299C	RIGHT ANGLE VARIANT WITH SQUARE	Sm	vangrt
U+0299D	MEASURED RIGHT ANGLE WITH DOT	Sm	angrtvbd
U+029A4	ANGLE WITH UNDERBAR	Sm	ange
U+029A5	REVERSED ANGLE WITH UNDERBAR	Sm	range
U+029A6	OBLIQUE ANGLE OPENING UP	Sm	dwangle
U+029A7	OBLIQUE ANGLE OPENING DOWN	Sm	uwangle
U+029A8	MEASURED ANGLE WITH OPEN ARM ENDING IN ARROW POINTING UP AND RIGHT	Sm	angmsdaa
U+029A9	MEASURED ANGLE WITH OPEN ARM ENDING IN ARROW POINTING UP AND LEFT	Sm	angmsdab
U+029AA	MEASURED ANGLE WITH OPEN ARM ENDING IN ARROW POINTING DOWN AND RIGHT	Sm	angmsdac
U+029AB	MEASURED ANGLE WITH OPEN ARM ENDING IN ARROW POINTING DOWN AND LEFT	Sm	angmsdad
U+029AC	MEASURED ANGLE WITH OPEN ARM ENDING IN ARROW POINTING RIGHT AND UP	Sm	angmsdae
U+029AD	MEASURED ANGLE WITH OPEN ARM ENDING IN ARROW POINTING LEFT AND UP	Sm	angmsdaf
U+029AE	MEASURED ANGLE WITH OPEN ARM ENDING IN ARROW POINTING RIGHT AND DOWN	Sm	angmsdag
U+029AF	MEASURED ANGLE WITH OPEN ARM ENDING IN ARROW POINTING LEFT AND DOWN	Sm	angmsdah
U+029B0	REVERSED EMPTY SET	Sm	bemptyv
U+029B1	EMPTY SET WITH OVERBAR	Sm	demptyv
U+029B2	EMPTY SET WITH SMALL CIRCLE ABOVE	Sm	cemptyv
U+029B3	EMPTY SET WITH RIGHT ARROW ABOVE	Sm	raemptyv
U+029B4	EMPTY SET WITH LEFT ARROW ABOVE	Sm	laemptyv
U+029B5	CIRCLE WITH HORIZONTAL BAR	Sm	ohbar
U+029B6	CIRCLED VERTICAL BAR	Sm	omid
U+029B7	CIRCLED PARALLEL	Sm	opar
U+029B9	CIRCLED PERPENDICULAR	Sm	operp
U+029BB	CIRCLE WITH SUPERIMPOSED X	Sm	olcross
U+029BC	CIRCLED ANTICLOCKWISE-ROTATED DIVISION SIGN	Sm	odsold
U+029BE	CIRCLED WHITE BULLET	Sm	olcir
U+029BF	CIRCLED BULLET	Sm	ofcir
U+029C0	CIRCLED LESS-THAN	Sm	olt
U+029C1	CIRCLED GREATER-THAN	Sm	ogt
U+029C2	CIRCLE WITH SMALL CIRCLE TO THE RIGHT	Sm	cirscir
U+029C3	CIRCLE WITH TWO HORIZONTAL STROKES TO THE RIGHT	Sm	cirE
U+029C4	SQUARED RISING DIAGONAL SLASH	Sm	solb
U+029C5	SQUARED FALLING DIAGONAL SLASH	Sm	bsolb
U+029C9	TWO JOINED SQUARES	Sm	boxbox
U+029CD	TRIANGLE WITH SERIFS AT BOTTOM	Sm	trisb
U+029CE	RIGHT TRIANGLE ABOVE LEFT TRIANGLE	Sm	rtriltri
U+029CF	LEFT TRIANGLE BESIDE VERTICAL BAR	Sm	LeftTriangleBar
U+029D0	VERTICAL BAR BESIDE RIGHT TRIANGLE	Sm	RightTriangleBar
U+029DA	LEFT DOUBLE WIGGLY FENCE	Ps	race
U+029DC	INCOMPLETE INFINITY	Sm	iinfin
U+029DD	TIE OVER INFINITY	Sm	infintie
U+029DE	INFINITY NEGATED WITH VERTICAL BAR	Sm	nvinfin
U+029E3	EQUALS SIGN AND SLANTED PARALLEL	Sm	eparsl
U+029E4	EQUALS SIGN AND SLANTED PARALLEL WITH TILDE ABOVE	Sm	smeparsl
U+029E5	IDENTICAL TO AND SLANTED PARALLEL	Sm	eqvparsl
U+029EB	BLACK LOZENGE	Sm	lozf	blacklozenge
U+029F4	RULE-DELAYED	Sm	RuleDelayed
U+029F6	SOLIDUS WITH OVERBAR	Sm	dsol
U+02A00	N-ARY CIRCLED DOT OPERATOR	Sm	xodot	bigodot
U+02A01	N-ARY CIRCLED PLUS OPERATOR	Sm	xoplus	bigoplus
U+02A02	N-ARY CIRCLED TIMES OPERATOR	Sm	xotime	bigotimes
U+02A04	N-ARY UNION OPERATOR WITH PLUS	Sm	xuplus	biguplus
U+02A06	N-ARY SQUARE UNION OPERATOR	Sm	xsqcup	bigsqcup
U+02A0C	QUADRUPLE INTEGRAL OPERATOR	Sm	qint	iiiint
U+02A0D	FINITE PART INTEGRAL	Sm	fpartint
U+02A10	CIRCULATION FUNCTION	Sm	cirfnint
U+02A11	ANTICLOCKWISE INTEGRATION	Sm	awint
U+02A12	LINE INTEGRATION WITH RECTANGULAR PATH AROUND POLE	Sm	rppolint
U+02A13	LINE INTEGRATION WITH SEMICIRCULAR PATH AROUND POLE	Sm	scpolint
U+02A14	LINE INTEGRATION NOT INCLUDING THE POLE	Sm	npolint
U+02A15	INTEGRAL AROUND A POINT OPERATOR	Sm	pointint
U+02A16	QUATERNION INTEGRAL OPERATOR	Sm	quatint
U+02A17	INTEGRAL WITH LEFTWARDS ARROW WITH HOOK	Sm	intlarhk
U+02A22	PLUS SIGN WITH SMALL CIRCLE ABOVE	Sm	pluscir
U+02A23	PLUS SIGN WITH CIRCUMFLEX ACCENT ABOVE	Sm	plusacir
U+02A24	PLUS SIGN WITH TILDE ABOVE	Sm	simplus
U+02A25	PLUS SIGN WITH DOT BELOW	Sm	plusdu
U+02A26	PLUS SIGN WITH TILDE BELOW	Sm	plussim
U+02A27	PLUS SIGN WITH SUBSCRIPT TWO	Sm	plustwo
U+02A29	MINUS SIGN WITH COMMA ABOVE	Sm	mcomma
U+02A2A	MINUS SIGN WITH DOT BELOW	Sm	minusdu
U+02A2D	PLUS SIGN IN LEFT HALF CIRCLE	Sm	loplus
U+02A2E	PLUS SIGN IN RIGHT HALF CIRCLE	Sm	roplus
U+02A2F	VECTOR OR CROSS PRODUCT	Sm	Cross
U+02A30	MULTIPLICATION SIGN WITH DOT ABOVE	Sm	timesd
U+02A31	MULTIPLICATION SIGN WITH UNDERBAR	Sm	timesbar
U+02A33	SMASH PRODUCT	Sm	smashp
U+02A34	MULTIPLICATION SIGN IN LEFT HALF CIRCLE	Sm	lotimes
U+02A35	MULTIPLICATION SIGN IN RIGHT HALF CIRCLE	Sm	rotimes
U+02A36	CIRCLED MULTIPLICATION SIGN WITH CIRCUMFLEX ACCENT	Sm	otimesas
U+02A37	MULTIPLICATION SIGN IN DOUBLE CIRCLE	Sm	Otimes
U+02A38	CIRCLED DIVISION SIGN	Sm	odiv
U+02A39	PLUS SIGN IN TRIANGLE	Sm	triplus
U+02A3A	MINUS SIGN IN TRIANGLE	Sm	triminus
U+02A3B	MULTIPLICATION SIGN IN TRIANGLE	Sm	tritime
U+02A3C	INTERIOR PRODUCT	Sm	iprod	intprod
U+02A3F	AMALGAMATION OR COPRODUCT	Sm	amalg
U+02A40	INTERSECTION WITH DOT	Sm	capdot
U+02A42	UNION WITH OVERBAR	Sm	ncup
U+02A43	INTERSECTION WITH OVERBAR	Sm	ncap
U+02A44	INTERSECTION WITH LOGICAL AND	Sm	capand
U+02A45	UNION WITH LOGICAL OR	Sm	cupor
U+02A46	UNION ABOVE INTERSECTION	Sm	cupcap
U+02A47	INTERSECTION ABOVE UNION	Sm	capcup
U+02A48	UNION ABOVE BAR ABOVE INTERSECTION	Sm	cupbrcap
U+02A49	INTERSECTION ABOVE BAR ABOVE UNION	Sm	capbrcup
U+02A4A	UNION BESIDE AND JOINED WITH UNION	Sm	cupcup
U+02A4B	INTERSECTION BESIDE AND JOINED WITH INTERSECTION	Sm	capcap
U+02A4C	CLOSED UNION WITH SERIFS	Sm	ccups
U+02A4D	CLOSED INTERSECTION WITH SERIFS	Sm	ccaps
U+02A50	CLOSED UNION WITH SERIFS AND SMASH PRODUCT	Sm	ccupssm
U+02A53	DOUBLE LOGICAL AND	Sm	And
U+02A54	DOUBLE LOGICAL OR	Sm	Or
U+02A55	TWO INTERSECTING LOGICAL AND	Sm	andand
U+02A56	TWO INTERSECTING LOGICAL OR	Sm	oror
U+02A57	SLOPING LARGE OR	Sm	orslope
U+02A58	SLOPING LARGE AND	Sm	andslope
U+02A5A	LOGICAL AND WITH MIDDLE STEM	Sm	andv
U+02A5B	LOGICAL OR WITH MIDDLE STEM	Sm	orv
U+02A5C	LOGICAL AND WITH HORIZONTAL DASH	Sm	andd
U+02A5D	LOGICAL OR WITH HORIZONTAL DASH	Sm	ord
U+02A5F	LOGICAL AND WITH UNDERBAR	Sm	wedbar
U+02A66	EQUALS SIGN WITH DOT BELOW	Sm	sdote
U+02A6A	TILDE OPERATOR WITH DOT ABOVE	Sm	simdot
U+02A6D	CONGRUENT WITH DOT ABOVE	Sm	congdot
U+02A6E	EQUALS WITH ASTERISK	Sm	easter
U+02A6F	ALMOST EQUAL TO WITH CIRCUMFLEX ACCENT	Sm	apacir
U+02A70	APPROXIMATELY EQUAL OR EQUAL TO	Sm	apE
U+02A71	EQUALS SIGN ABOVE PLUS SIGN	Sm	eplus
U+02A72	PLUS SIGN ABOVE EQUALS SIGN	Sm	pluse
U+02A73	EQUALS SIGN ABOVE TILDE OPERATOR	Sm	Esim
U+02A74	DOUBLE COLON EQUAL	Sm	Colone
U+02A75	TWO CONSECUTIVE EQUALS SIGNS	Sm	Equal
U+02A77	EQUALS SIGN WITH TWO DOTS ABOVE AND TWO DOTS BELOW	Sm	eDDot	ddotseq
U+02A78	EQUIVALENT WITH FOUR DOTS ABOVE	Sm	equivDD
U+02A79	LESS-THAN WITH CIRCLE INSIDE	Sm	ltcir
U+02A7A	GREATER-THAN WITH CIRCLE INSIDE	Sm	gtcir
U+02A7B	LESS-THAN WITH QUESTION MARK ABOVE	Sm	ltquest
U+02A7C	GREATER-THAN WITH QUESTION MARK ABOVE	Sm	gtquest
U+02A7D	LESS-THAN OR SLANTED EQUAL TO	Sm	les	LessSlantEqual	leqslant
U+02A7E	GREATER-THAN OR SLANTED EQUAL TO	Sm	ges	GreaterSlantEqual	geqslant
U+02A7F	LESS-THAN OR SLANTED EQUAL TO WITH DOT INSIDE	Sm	lesdot
U+02A80	GREATER-THAN OR SLANTED EQUAL TO WITH DOT INSIDE	Sm	gesdot
U+02A81	LESS-THAN OR SLANTED EQUAL TO WITH DOT ABOVE	Sm	lesdoto
U+02A82	GREATER-THAN OR SLANTED EQUAL TO WITH DOT ABOVE	Sm	gesdoto
U+02A83	LESS-THAN OR SLANTED EQUAL TO WITH DOT ABOVE RIGHT	Sm	lesdotor
U+02A84	GREATER-THAN OR SLANTED EQUAL TO WITH DOT ABOVE LEFT	Sm	gesdotol
U+02A85	LESS-THAN OR APPROXIMATE	Sm	lap	lessapprox
U+02A86	GREATER-THAN OR APPROXIMATE	Sm	gap	gtrapprox
U+02A87	LESS-THAN AND SINGLE-LINE NOT EQUAL TO	Sm	lne	lneq
U+02A88	GREATER-THAN AND SINGLE-LINE NOT EQUAL TO	Sm	gne	gneq
U+02A89	LESS-THAN AND NOT APPROXIMATE	Sm	lnap	lnapprox
U+02A8A	GREATER-THAN AND NOT APPROXIMATE	Sm	gnap	gnapprox
U+02A8B	LESS-THAN ABOVE DOUBLE-LINE EQUAL ABOVE GREATER-THAN	Sm	lEg	lesseqqgtr
U+02A8C	GREATER-THAN ABOVE DOUBLE-LINE EQUAL ABOVE LESS-THAN	Sm	gEl	gtreqqless
U+02A8D	LESS-THAN ABOVE SIMILAR OR EQUAL	Sm	lsime
U+02A8E	GREATER-THAN ABOVE SIMILAR OR EQUAL	Sm	gsime
U+02A8F	LESS-THAN ABOVE SIMILAR ABOVE GREATER-THAN	Sm	lsimg
U+02A90	GREATER-THAN ABOVE SIMILAR ABOVE LESS-THAN	Sm	gsiml
U+02A91	LESS-THAN ABOVE GREATER-THAN ABOVE DOUBLE-LINE EQUAL	Sm	lgE
U+02A92	GREATER-THAN ABOVE LESS-THAN ABOVE DOUBLE-LINE EQUAL	Sm	glE
U+02A93	LESS-THAN ABOVE SLANTED EQUAL ABOVE GREATER-THAN ABOVE SLANTED EQUAL	Sm	lesges
U+02A94	GREATER-THAN ABOVE SLANTED EQUAL ABOVE LESS-THAN ABOVE SLANTED EQUAL	Sm	gesles
U+02A95	SLANTED EQUAL TO OR LESS-THAN	Sm	els	eqslantless
U+02A96	SLANTED EQUAL TO OR GREATER-THAN	Sm	egs	eqslantgtr
U+02A97	SLANTED EQUAL TO OR LESS-THAN WITH DOT INSIDE	Sm	elsdot
U+02A98	SLANTED EQUAL TO OR GREATER-THAN WITH DOT INSIDE	Sm	egsdot
U+02A99	DOUBLE-LINE EQUAL TO OR LESS-THAN	Sm	el
U+02A9A	DOUBLE-LINE EQUAL TO OR GREATER-THAN	Sm	eg
U+02A9D	SIMILAR OR LESS-THAN	Sm	siml
U+02A9E	SIMILAR OR GREATER-THAN	Sm	simg
U+02A9F	SIMILAR ABOVE LESS-THAN ABOVE EQUALS SIGN	Sm	simlE
U+02AA0	SIMILAR ABOVE GREATER-THAN ABOVE EQUALS SIGN	Sm	simgE
U+02AA1	DOUBLE NESTED LESS-THAN	Sm	LessLess
U+02AA2	DOUBLE NESTED GREATER-THAN	Sm	GreaterGreater
U+02AA4	GREATER-THAN OVERLAPPING LESS-THAN	Sm	glj
U+02AA5	GREATER-THAN BESIDE LESS-THAN	Sm	gla
U+02AA6	LESS-THAN CLOSED BY CURVE	Sm	ltcc
U+02AA7	GREATER-THAN CLOSED BY CURVE	Sm	gtcc
U+02AA8	LESS-THAN CLOSED BY CURVE ABOVE SLANTED EQUAL	Sm	lescc
U+02AA9	GREATER-THAN CLOSED BY CURVE ABOVE SLANTED EQUAL	Sm	gescc
U+02AAA	SMALLER THAN	Sm	smt
U+02AAB	LARGER THAN	Sm	lat
U+02AAC	SMALLER THAN OR EQUAL TO	Sm	smte
U+02AAD	LARGER THAN OR EQUAL TO	Sm	late
U+02AAE	EQUALS SIGN WITH BUMPY ABOVE	Sm	bumpE
U+02AAF	PRECEDES ABOVE SINGLE-LINE EQUALS SIGN	Sm	pre	preceq	PrecedesEqual
U+02AB0	SUCCEEDS ABOVE SINGLE-LINE EQUALS SIGN	Sm	sce	succeq	SucceedsEqual
U+02AB3	PRECEDES ABOVE EQUALS SIGN	Sm	prE
U+02AB4	SUCCEEDS ABOVE EQUALS SIGN	Sm	scE
U+02AB5	PRECEDES ABOVE NOT EQUAL TO	Sm	prnE	precneqq
U+02AB6	SUCCEEDS ABOVE NOT EQUAL TO	Sm	scnE	succneqq
U+02AB7	PRECEDES ABOVE ALMOST EQUAL TO	Sm	prap	precapprox
U+02AB8	SUCCEEDS ABOVE ALMOST EQUAL TO	Sm	scap	succapprox
U+02AB9	PRECEDES ABOVE NOT ALMOST EQUAL TO	Sm	prnap	precnapprox
U+02ABA	SUCCEEDS ABOVE NOT ALMOST EQUAL TO	Sm	scnap	succnapprox
U+02ABB	DOUBLE PRECEDES	Sm	Pr
U+02ABC	DOUBLE SUCCEEDS	Sm	Sc
U+02ABD	SUBSET WITH DOT	Sm	subdot
U+02ABE	SUPERSET WITH DOT	Sm	supdot
U+02ABF	SUBSET WITH PLUS SIGN BELOW	Sm	subplus
U+02AC0	SUPERSET WITH PLUS SIGN BELOW	Sm	supplus
U+02AC1	SUBSET WITH MULTIPLICATION SIGN BELOW	Sm	submult
U+02AC2	SUPERSET WITH MULTIPLICATION SIGN BELOW	Sm	supmult
U+02AC3	SUBSET OF OR EQUAL TO WITH DOT ABOVE	Sm	subedot
U+02AC4	SUPERSET OF OR EQUAL TO WITH DOT ABOVE	Sm	supedot
U+02AC5	SUBSET OF ABOVE EQUALS SIGN	Sm	subE	subseteqq
U+02AC6	SUPERSET OF ABOVE EQUALS SIGN	Sm	supE	supseteqq
U+02AC7	SUBSET OF ABOVE TILDE OPERATOR	Sm	subsim
U+02AC8	SUPERSET OF ABOVE TILDE OPERATOR	Sm	supsim
U+02ACB	SUBSET OF ABOVE NOT EQUAL TO	Sm	subnE	subsetneqq
U+02ACC	SUPERSET OF ABOVE NOT EQUAL TO	Sm	supnE	supsetneqq
U+02ACF	CLOSED SUBSET	Sm	csub
U+02AD0	CLOSED SUPERSET	Sm	csup
U+02AD1	CLOSED SUBSET OR EQUAL TO	Sm	csube
U+02AD2	CLOSED SUPERSET OR EQUAL TO	Sm	csupe
U+02AD3	SUBSET ABOVE SUPERSET	Sm	subsup
U+02AD4	SUPERSET ABOVE SUBSET	Sm	supsub
U+02AD5	SUBSET ABOVE SUBSET	Sm	subsub
U+02AD6	SUPERSET ABOVE SUPERSET	Sm	supsup
U+02AD7	SUPERSET BESIDE SUBSET	Sm	suphsub
U+02AD8	SUPERSET BESIDE AND JOINED BY DASH WITH SUBSET	Sm	supdsub
U+02AD9	ELEMENT OF OPENING DOWNWARDS	Sm	forkv
U+02ADA	PITCHFORK WITH TEE TOP	Sm	topfork
U+02ADB	TRANSVERSAL INTERSECTION	Sm	mlcp
U+02AE4	VERTICAL BAR DOUBLE LEFT TURNSTILE	Sm	Dashv	DoubleLeftTee
U+02AE6	LONG DASH FROM LEFT MEMBER OF DOUBLE VERTICAL	Sm	Vdashl
U+02AE7	SHORT DOWN TACK WITH OVERBAR	Sm	Barv
U+02AE8	SHORT UP TACK WITH UNDERBAR	Sm	vBar
U+02AE9	SHORT UP TACK ABOVE SHORT DOWN TACK	Sm	vBarv
U+02AEB	DOUBLE UP TACK	Sm	Vbar
U+02AEC	DOUBLE STROKE NOT SIGN	Sm	Not
U+02AED	REVERSED DOUBLE STROKE NOT SIGN	Sm	bNot
U+02AEE	DOES NOT DIVIDE WITH REVERSED NEGATION SLASH	Sm	rnmid
U+02AEF	VERTICAL LINE WITH CIRCLE ABOVE	Sm	cirmid
U+02AF0	VERTICAL LINE WITH CIRCLE BELOW	Sm	midcir
U+02AF1	DOWN TACK WITH CIRCLE BELOW	Sm	topcir
U+02AF2	PARALLEL WITH HORIZONTAL STROKE	Sm	nhpar
U+02AF3	PARALLEL WITH TILDE OPERATOR	Sm	parsim
U+02AFD	DOUBLE SOLIDUS OPERATOR	Sm	parsl
U+0FB00	LATIN SMALL LIGATURE FF	Ll	fflig
U+0FB01	LATIN SMALL LIGATURE FI	Ll	filig
U+0FB02	LATIN SMALL LIGATURE FL	Ll	fllig
U+0FB03	LATIN SMALL LIGATURE FFI	Ll	ffilig
U+0FB04	LATIN SMALL LIGATURE FFL	Ll	ffllig
U+1D49C	MATHEMATICAL SCRIPT CAPITAL A	Lu	Ascr
U+1D49E	MATHEMATICAL SCRIPT CAPITAL C	Lu	Cscr
U+1D49F	MATHEMATICAL SCRIPT CAPITAL D	Lu	Dscr
U+1D4A2	MATHEMATICAL SCRIPT CAPITAL G	Lu	Gscr
U+1D4A5	MATHEMATICAL SCRIPT CAPITAL J	Lu	Jscr
U+1D4A6	MATHEMATICAL SCRIPT CAPITAL K	Lu	Kscr
U+1D4A9	MATHEMATICAL SCRIPT CAPITAL N	Lu	Nscr
U+1D4AA	MATHEMATICAL SCRIPT CAPITAL O	Lu	Oscr
U+1D4AB	MATHEMATICAL SCRIPT CAPITAL P	Lu	Pscr
U+1D4AC	MATHEMATICAL SCRIPT CAPITAL Q	Lu	Qscr
U+1D4AE	MATHEMATICAL SCRIPT CAPITAL S	Lu	Sscr
U+1D4AF	MATHEMATICAL SCRIPT CAPITAL T	Lu	Tscr
U+1D4B0	MATHEMATICAL SCRIPT CAPITAL U	Lu	Uscr
U+1D4B1	MATHEMATICAL SCRIPT CAPITAL V	Lu	Vscr
U+1D4B2	MATHEMATICAL SCRIPT CAPITAL W	Lu	Wscr
U+1D4B3	MATHEMATICAL SCRIPT CAPITAL X	Lu	Xscr
U+1D4B4	MATHEMATICAL SCRIPT CAPITAL Y	Lu	Yscr
U+1D4B5	MATHEMATICAL SCRIPT CAPITAL Z	Lu	Zscr
U+1D4B6	MATHEMATICAL SCRIPT SMALL A	Ll	ascr
U+1D4B7	MATHEMATICAL SCRIPT SMALL B	Ll	bscr
U+1D4B8	MATHEMATICAL SCRIPT SMALL C	Ll	cscr
U+1D4B9	MATHEMATICAL SCRIPT SMALL D	Ll	dscr
U+1D4BB	MATHEMATICAL SCRIPT SMALL F	Ll	fscr
U+1D4BD	MATHEMATICAL SCRIPT SMALL H	Ll	hscr
U+1D4BE	MATHEMATICAL SCRIPT SMALL I	Ll	iscr
U+1D4BF	MATHEMATICAL SCRIPT SMALL J	Ll	jscr
U+1D4C0	MATHEMATICAL SCRIPT SMALL K	Ll	kscr
U+1D4C1	MATHEMATICAL SCRIPT SMALL L	Ll	lscr
U+1D4C2	MATHEMATICAL SCRIPT SMALL M	Ll	mscr
U+1D4C3	MATHEMATICAL SCRIPT SMALL N	Ll	nscr
U+1D4C5	MATHEMATICAL SCRIPT SMALL P	Ll	pscr
U+1D4C6	MATHEMATICAL SCRIPT SMALL Q	Ll	qscr
U+1D4C7	MATHEMATICAL SCRIPT SMALL R	Ll	rscr
U+1D4C8	MATHEMATICAL SCRIPT SMALL S	Ll	sscr
U+1D4C9	MATHEMATICAL SCRIPT SMALL T	Ll	tscr
U+1D4CA	MATHEMATICAL SCRIPT SMALL U	Ll	uscr
U+1D4CB	MATHEMATICAL SCRIPT SMALL V	Ll	vscr
U+1D4CC	MATHEMATICAL SCRIPT SMALL W	Ll	wscr
U+1D4CD	MATHEMATICAL SCRIPT SMALL X	Ll	xscr
U+1D4CE	MATHEMATICAL SCRIPT SMALL Y	Ll	yscr
U+1D4CF	MATHEMATICAL SCRIPT SMALL Z	Ll	zscr
U+1D504	MATHEMATICAL FRAKTUR CAPITAL A	Lu	Afr
U+1D505	MATHEMATICAL FRAKTUR CAPITAL B	Lu	Bfr
U+1D507	MATHEMATICAL FRAKTUR CAPITAL D	Lu	Dfr
U+1D508	MATHEMATICAL FRAKTUR CAPITAL E	Lu	Efr
U+1D509	MATHEMATICAL FRAKTUR CAPITAL F	Lu	Ffr
U+1D50A	MATHEMATICAL FRAKTUR CAPITAL G	Lu	Gfr
U+1D50D	MATHEMATICAL FRAKTUR CAPITAL J	Lu	Jfr
U+1D50E	MATHEMATICAL FRAKTUR CAPITAL K	Lu	Kfr
U+1D50F	MATHEMATICAL FRAKTUR CAPITAL L	Lu	Lfr
U+1D510	MATHEMATICAL FRAKTUR CAPITAL M	Lu	Mfr
U+1D511	MATHEMATICAL FRAKTUR CAPITAL N	Lu	Nfr
U+1D512	MATHEMATICAL FRAKTUR CAPITAL O	Lu	Ofr
U+1D513	MATHEMATICAL FRAKTUR CAPITAL P	Lu	Pfr
U+1D514	MATHEMATICAL FRAKTUR CAPITAL Q	Lu	Qfr
U+1D516	MATHEMATICAL FRAKTUR CAPITAL S	Lu	Sfr
U+1D517	MATHEMATICAL FRAKTUR CAPITAL T	Lu	Tfr
U+1D518	MATHEMATICAL FRAKTUR CAPITAL U	Lu	Ufr
U+1D519	MATHEMATICAL FRAKTUR CAPITAL V	Lu	Vfr
U+1D51A	MATHEMATICAL FRAKTUR CAPITAL W	Lu	Wfr
U+1D51B	MATHEMATICAL FRAKTUR CAPITAL X	Lu	Xfr
U+1D51C	MATHEMATICAL FRAKTUR CAPITAL Y	Lu	Yfr
U+1D51E	MATHEMATICAL FRAKTUR SMALL A	Ll	afr
U+1D51F	MATHEMATICAL FRAKTUR SMALL B	Ll	bfr
U+1D520	MATHEMATICAL FRAKTUR SMALL C	Ll	cfr
U+1D521	MATHEMATICAL FRAKTUR SMALL D	Ll	dfr
U+1D522	MATHEMATICAL FRAKTUR SMALL E	Ll	efr
U+1D523	MATHEMATICAL FRAKTUR SMALL F	Ll	ffr
U+1D524	MATHEMATICAL FRAKTUR SMALL G	Ll	gfr
U+1D525	MATHEMATICAL FRAKTUR SMALL H	Ll	hfr
U+1D526	MATHEMATICAL FRAKTUR SMALL I	Ll	ifr
U+1D527	MATHEMATICAL FRAKTUR SMALL J	Ll	jfr
U+1D528	MATHEMATICAL FRAKTUR SMALL K	Ll	kfr
U+1D529	MATHEMATICAL FRAKTUR SMALL L	Ll	lfr
U+1D52A	MATHEMATICAL FRAKTUR SMALL M	Ll	mfr
U+1D52B	MATHEMATICAL FRAKTUR SMALL N	Ll	nfr
U+1D52C	MATHEMATICAL FRAKTUR SMALL O	Ll	ofr
U+1D52D	MATHEMATICAL FRAKTUR SMALL P	Ll	pfr
U+1D52E	MATHEMATICAL FRAKTUR SMALL Q	Ll	qfr
U+1D52F	MATHEMATICAL FRAKTUR SMALL R	Ll	rfr
U+1D530	MATHEMATICAL FRAKTUR SMALL S	Ll	sfr
U+1D531	MATHEMATICAL FRAKTUR SMALL T	Ll	tfr
U+1D532	MATHEMATICAL FRAKTUR SMALL U	Ll	ufr
U+1D533	MATHEMATICAL FRAKTUR SMALL V	Ll	vfr
U+1D534	MATHEMATICAL FRAKTUR SMALL W	Ll	wfr
U+1D535	MATHEMATICAL FRAKTUR SMALL X	Ll	xfr
U+1D536	MATHEMATICAL FRAKTUR SMALL Y	Ll	yfr
U+1D537	MATHEMATICAL FRAKTUR SMALL Z	Ll	zfr
U+1D538	MATHEMATICAL DOUBLE-STRUCK CAPITAL A	Lu	Aopf
U+1D539	MATHEMATICAL DOUBLE-STRUCK CAPITAL B	Lu	Bopf
U+1D53B	MATHEMATICAL DOUBLE-STRUCK CAPITAL D	Lu	Dopf
U+1D53C	MATHEMATICAL DOUBLE-STRUCK CAPITAL E	Lu	Eopf
U+1D53D	MATHEMATICAL DOUBLE-STRUCK CAPITAL F	Lu	Fopf
U+1D53E	MATHEMATICAL DOUBLE-STRUCK CAPITAL G	Lu	Gopf
U+1D540	MATHEMATICAL DOUBLE-STRUCK CAPITAL I	Lu	Iopf
U+1D541	MATHEMATICAL DOUBLE-STRUCK CAPITAL J	Lu	Jopf
U+1D542	MATHEMATICAL DOUBLE-STRUCK CAPITAL K	Lu	Kopf
U+1D543	MATHEMATICAL DOUBLE-STRUCK CAPITAL L	Lu	Lopf
U+1D544	MATHEMATICAL DOUBLE-STRUCK CAPITAL M	Lu	Mopf
U+1D546	MATHEMATICAL DOUBLE-STRUCK CAPITAL O	Lu	Oopf
U+1D54A	MATHEMATICAL DOUBLE-STRUCK CAPITAL S	Lu	Sopf
U+1D54B	MATHEMATICAL DOUBLE-STRUCK CAPITAL T	Lu	Topf
U+1D54C	MATHEMATICAL DOUBLE-STRUCK CAPITAL U	Lu	Uopf
U+1D54D	MATHEMATICAL DOUBLE-STRUCK CAPITAL V	Lu	Vopf
U+1D54E	MATHEMATICAL DOUBLE-STRUCK CAPITAL W	Lu	Wopf
U+1D54F	MATHEMATICAL DOUBLE-STRUCK CAPITAL X	Lu	Xopf
U+1D550	MATHEMATICAL DOUBLE-STRUCK CAPITAL Y	Lu	Yopf
U+1D552	MATHEMATICAL DOUBLE-STRUCK SMALL A	Ll	aopf
U+1D553	MATHEMATICAL DOUBLE-STRUCK SMALL B	Ll	bopf
U+1D554	MATHEMATICAL DOUBLE-STRUCK SMALL C	Ll	copf
U+1D555	MATHEMATICAL DOUBLE-STRUCK SMALL D	Ll	dopf
U+1D556	MATHEMATICAL DOUBLE-STRUCK SMALL E	Ll	eopf
U+1D557	MATHEMATICAL DOUBLE-STRUCK SMALL F	Ll	fopf
U+1D558	MATHEMATICAL DOUBLE-STRUCK SMALL G	Ll	gopf
U+1D559	MATHEMATICAL DOUBLE-STRUCK SMALL H	Ll	hopf
U+1D55A	MATHEMATICAL DOUBLE-STRUCK SMALL I	Ll	iopf
U+1D55B	MATHEMATICAL DOUBLE-STRUCK SMALL J	Ll	jopf
U+1D55C	MATHEMATICAL DOUBLE-STRUCK SMALL K	Ll	kopf
U+1D55D	MATHEMATICAL DOUBLE-STRUCK SMALL L	Ll	lopf
U+1D55E	MATHEMATICAL DOUBLE-STRUCK SMALL M	Ll	mopf
U+1D55F	MATHEMATICAL DOUBLE-STRUCK SMALL N	Ll	nopf
U+1D560	MATHEMATICAL DOUBLE-STRUCK SMALL O	Ll	oopf
U+1D561	MATHEMATICAL DOUBLE-STRUCK SMALL P	Ll	popf
U+1D562	MATHEMATICAL DOUBLE-STRUCK SMALL Q	Ll	qopf
U+1D563	MATHEMATICAL DOUBLE-STRUCK SMALL R	Ll	ropf
U+1D564	MATHEMATICAL DOUBLE-STRUCK SMALL S	Ll	sopf
U+1D565	MATHEMATICAL DOUBLE-STRUCK SMALL T	Ll	topf
U+1D566	MATHEMATICAL DOUBLE-STRUCK SMALL U	Ll	uopf
U+1D567	MATHEMATICAL DOUBLE-STRUCK SMALL V	Ll	vopf
U+1D568	MATHEMATICAL DOUBLE-STRUCK SMALL W	Ll	wopf
U+1D569	MATHEMATICAL DOUBLE-STRUCK SMALL X	Ll	xopf
U+1D56A	MATHEMATICAL DOUBLE-STRUCK SMALL Y	Ll	yopf
U+1D56B	MATHEMATICAL DOUBLE-STRUCK SMALL Z	Ll	zopf
